{"current":{"logo_min_width":"300","favicon":true,"iphone_icon":false,"iphone_icon_retina":false,"ipad_icon":false,"ipad_icon_retina":false,"responsive_design":true,"page_width":"1","max_width":"","spacing_between_columns":"1","page_direction":"LTR","main_layout":"2","header_layout":"1","slideshow_layout":"1","breadcrumb_layout":"1","content_layout":"1","custom_footer_layout":"1","footer_layout":"1","heading_font":"Poppins","general_font":"Poppins","special_font":"Poppins","body_font_weight":"400","body_line_height":"1.6","body_font_size":"13","body_font_size_sm":"","body_font_size_xs":"","body_font_transform_xs":"none","button_font":"1","button_size":"11","button_weight":"600","button_line_height":"1.6","button_transform":"uppercase","heading_size":"20","heading_weight":"500","heading_transform":"none","page_name_size":"30","page_name_weight":"500","page_name_transform":"none","cat_bar_font":"","cat_bar_size":"14","cat_bar_weight":"600","cat_bar_line_height":"1.6","cat_bar_transform":"none","cat_submenu_head_font":"","cat_submenu_head_size":"","cat_submenu_head_weight":"","cat_submenu_head_line_height":"","cat_submenu_head_transform":"none","cat_box_head_font":"1","cat_box_head_size":"14","cat_box_head_weight":"600","cat_box_head_line_height":"1.6","cat_box_head_transform":"none","cat_box_links_font":"1","cat_box_links_size":"","cat_box_links_weight":"600","cat_box_links_line_height":"","cat_box_links_transform":"none","price_font":"1","price_size":"50","price_size_medium":"20","price_size_small":"14","price_size_old":"14","price_weight":"600","sale_size":"11","sale_weight":"600","sale_line_height":"1.6","sale_transform":"uppercase","footer_size":"13","footer_weight":"400","footer_transform":"none","footer_heading_size":"20","footer_heading_weight":"500","footer_heading_transform":"none","body_font_text":"#333333","body_font_links":"#333333","body_font_links_hover":"#d9121f","body_background_color":"#f3f3f3","hder_bc":"","hder_type3_bder_bot1px_c":"","hder_type3_bder_bot2px_c":"","hder_type3_search_bder_c":"","hder_type3_search_bc":"","hder_type3_search_icon_c":"","hder_type3_search_bderhvr_c":"","hder_type3_search_bghvr_c":"","hder_type3_search_iconhvr_c":"","hder_type12_search_bc":"","hder_type12_search_bggrad_top_c":"","hder_type12_search_bggrad_bot_c":"","hder_type12_search_icon_c":"","hder_type12_search_slect_c":"","hder_type12_search_input_c":"","hder_type12_search_input_bc":"","hder_type12_search_input_fbg_c":"","hder_type13_search_bc":"","hder_type13_search_bder_c":"","hder_type13_search_slect_c":"","hder_type13_search_input_c":"","hder_type13_search_icon_bc":"","hder_type13_search_iconhvr_bc":"","hder_type13_search_icon_c":"","hder_type13_search_iconhvr_c":"","hder_type15_logo_bc":"","hder_type15_logo_bggrad_top_c":"","hder_type15_logo_bggrad_bot_c":"","tbar_bc":"","tbar_bggrad_top_c":"","tbar_bggrad_bot_c":"","tbar_bder_bot1px_c":"","tbar_welcome_c":"","tbar_welcome_link_c":"","top_bc":"","top_bggrad_top_c":"","top_bggrad_bot_c":"","top_bder_bot1px_c":"","top_bder_bot2px_c":"#d9121f","top_bder_bot4px_c":"","top_menu_link_c":"","top_menu_linkhvr_c":"","top_search_input_bc":"","top_search_input_fbg_c":"","top_search_input_bder_c":"","top_search_input_fbder_c":"","top_search_input_c":"","top_search_icon_c":"","top_currency_c":"","top_currency_bl_c":"","top_currency_hvr_c":"","top_currency_blhvr_c":"","top_acc_bder_c":"","top_acc_bc":"","top_acc_bggrad_top_c":"","top_acc_bggrad_bot_c":"","top_acc_icon_c":"","top_acc_bderhvr_c":"","top_acc_bghvr_c":"","top_acc_bggradhvr_top_c":"","top_acc_bggradhvr_bot_c":"","top_acc_iconhvr_c":"","top_cart_icon_bder_c":"","top_cart_icon_bc":"","top_cart_icon_bggrad_top_c":"","top_cart_icon_bggrad_bot_c":"","top_cart_amount_c":"","top_cart_amount_bc":"","top_cart_amount_bggrad_top_c":"","top_cart_amount_bggrad_bot_c":"","top_cart_price_c":"","top_cart_bl_c":"","top_cart_hvr_icon_bder_c":"","top_cart_hvr_icon_bc":"","top_cart_hvr_icon_bggrad_top_c":"","top_cart_hvr_icon_bggrad_bot_c":"","top_cart_hvr_amount_c":"","top_cart_hvr_amount_bc":"","top_cart_hvr_amount_bggrad_top_c":"","top_cart_hvr_amount_bggrad_bot_c":"","top_cart_hvr_price_c":"","top_cart_hvr_bl_c":"","menu_bc":"","menu_bggrad_top_c":"","menu_bggrad_bot_c":"","menu_mainlink_c":"","menu_mainlink_bl_c":"","menu_mainlinkhvr_c":"","menu_mainlink_blhvr_c":"","menu_lpr_c":"","menu_lpr_bc":"","menu_lpr_bggrad_top_c":"","menu_lpr_bggrad_bot_c":"","menu_ver_head_c":"","menu_ver_head_bl_c":"","menu_ver_head_bc":"","menu_ver_head_bggrad_top_c":"","menu_ver_head_bggrad_bot_c":"","menu_ver_headhvr_c":"","menu_ver_headhvr_bl_c":"","menu_ver_headhvr_bc":"","menu_ver_headhvr_bggrad_top_c":"","menu_ver_headhvr_bggrad_bot_c":"","menu_ver_cont_bc":"","menu_ver_cont_bder1px_c":"","menu_ver_cont_bder2px_c":"","menu_ver_cont_link_c":"","menu_ver_cont_link_bder_top_c":"","menu_ver_cont_linkhvr_c":"","menu_ver_cont_linkhvr_bc":"","menu_ver_cont_bl_c":"","menu_ver_cont_blhvr_c":"","menu_sub_bc":"","menu_sub_c":"","menu_sub_link_c":"","menu_sub_linkhvr_c":"","menu_sub_bl_c":"","menu_sub_blhvr_c":"","menu_sub_mainlink_in_visibletype_c":"","menu_sub_mainlinkhvr_in_visibletype_c":"","menu_sub_mainlinkhvr_in_visibletype_bder_bot_c":"","menu_mobile_head_bc":"","menu_mobile_head_bggrad_top_c":"","menu_mobile_head_bggrad_bot_c":"","menu_mobile_head_c":"","menu_mobile_head_bl_c":"","menu_mobile_headhvr_bc":"","menu_mobile_headhvr_bggrad_top_c":"","menu_mobile_headhvr_bggrad_bot_c":"","menu_mobile_headhvr_c":"","menu_mobile_headhvr_bl_c":"","menu_mobile_cont_bc":"","menu_mobile_cont_bder_c":"","menu_mobile_cont_link_c":"","menu_mobile_cont_linkactive_c":"","menu_mobile_cont_link_bder_top_c":"","menu_mobile_cont_linkhvr_bc":"","menu_mobile_cont_toggle_c":"","menu_hortype2_bc":"","menu_hortype2_link_c":"","menu_hortype2_bl_c":"","menu_hortype2_linkhvr_c":"","menu_hortype2_blhvr_c":"","slider_bg_color":"","slider_loader_bg_color":"","slider_bder_bot4px_color":"","slider_nav_bg_color":"#ffffff","slider_nav_border_color":"#ffffff","slider_nav_icon_color":"#333333","slider_navhvr_bg_color":"#d9121f","slider_navhvr_border_color":"#d9121f","slider_navhvr_icon_color":"#ffffff","slider_cta_bc":"","slider_cta_bder_c":"","slider_cta_c":"","slider_ctahvr_bc":"","slider_ctahvr_bder_c":"","slider_ctahvr_c":"","main_background_color":"#ffffff","main_border_color":"#e5e5e5","main_heading_color":"#333333","main_heading_border_color":"#d9121f","button_text_color":"#ffffff","button_border_color":"","button_background_color":"#d9121f","button_background_gradient_top":"","button_background_gradient_bottom":"","button_hover_text_color":"#ffffff","button_hover_border_color":"","button_hover_background_color":"#333333","button_hover_background_gradient_top":"","button_hover_background_gradient_bottom":"","button2_text_color":"#ffffff","button2_border_color":"","button2_background_color":"#1349b2","button2_background_gradient_top":"","button2_background_gradient_bottom":"","button2_hover_text_color":"#ffffff","button2_hover_border_color":"","button2_hover_background_color":"#333333","button2_hover_background_gradient_top":"","button2_hover_background_gradient_bottom":"","input_background_color":"#f5f5f5","input_background_focus_color":"#f9f9f9","input_border_color":"#f5f5f5","input_border_focus_color":"#f9f9f9","input_text_color":"#808080","select_background_color":"#ffffff","select_border_color":"#cccccc","select_text_color":"#808080","select_arrow_color":"#d9121f","tab_link_active":"#333333","tab_link_active_border_bottom_color":"#d9121f","tab_links_color":"#808080","breadcrumb_background_color":"#ffffff","breadcrumb_border_bottom_width":"1px","breadcrumb_border_bottom_color":"#e5e5e5","breadcrumb_border_top_color":"#ffffff","breadcrumb_heading_color":"#333333","breadcrumb_heading_border_bottom_color":"#d9121f","breadcrumb_links_color":"#333333","breadcrumb_links_hover_color":"#d9121f","breadcrumb_price_color":"","breadcrumb_button_bg":"","breadcrumb_button_border":"","breadcrumb_button_text":"","breadcrumb_button_hvr_bg":"","breadcrumb_button_hvr_border":"","breadcrumb_button_hvr_text":"","box_head_bg":"","box_head_text":"","box_head_border":"","box_bg":"","box_text":"","box_links":"","box_btn_bg":"","box_btn_gradient_top":"","box_btn_gradient_bottom":"","box_btn_text":"","box_btn_border":"","box_btn_hover_bg":"#d9121f","box_btn_hover_gradient_top":"","box_btn_hover_gradient_bottom":"","box_btn_hover_text":"#ffffff","box_btn_hover_border":"#d9121f","box_sb_head_bg":"","box_sb_head_text":"#333333","box_sb_head_border":"#d9121f","box_sb_bg":"#ffffff","box_sb_border":"2px","box_sb_border_color":"#d9121f","box_sb_text":"#333333","box_sb_links":"#333333","box_sb_links_hover":"#d9121f","box_cat_head_bg":"#d9121f","box_cat_head_gradient_top":"","box_cat_head_gradient_bottom":"","box_cat_head_text":"#ffffff","box_cat_bg":"#333333","box_cat_border":"0px","box_cat_border_color":"#3d3d3d","box_cat_link_border":"#3d3d3d","box_cat_links":"#ffffff","box_cat_links_hover":"#ffffff","box_cat_links_active":"#ffffff","box_cat_links_hover_bg":"#2b2b2b","box_product_bg":"","box_product_border":"","box_product_text":"","box_product_link":"","box_product_link_hover":"","box_product_heading":"","box_product_heading_border":"","catwall_head_border_bot":"","catwall_bt_bg":"","catwall_bt_border":"","catwall_bt_text":"","catwall_bt_hover_bg":"","catwall_bt_hover_border":"","catwall_bt_hover_text":"","product_price_text":"#d9121f","product_price_old_text":"#232323","product_price_old_text2":"#cccccc","product_hover_border_color":"#d9121f","product_button_background":"","product_button_border":"","product_button_color":"","product_button_hover_background":"#d9121f","product_button_hover_border":"#d9121f","product_button_hover_color":"#ffffff","sale_color_text":"#ffffff","sale_border_color":"rgba(0,0,0,0)","sale_background_color":"#1349b2","sale_background_gradient_top":"","sale_background_gradient_bottom":"","new_color_text":"#ffffff","new_border_color":"","new_background_color":"#d9121f","new_background_gradient_top":"","new_background_gradient_bottom":"","customfooter_text_color":"#333333","customfooter_links_color":"#333333","customfooter_links_hover_color":"#e31d27","customfooter_background_color":"#ffffff","customfooter_border_color":"#dfdfdf","footer_text_color":"#808080","footer_links_color":"#808080","footer_links_hover_color":"#ffffff","footer_heading_color":"#ffffff","footer_heading_border_bottom_color":"#d9121f","footer_background_color":"#333333","footer_border_color":"#474747","footer_button_text_color":"#333333","footer_button_background_color":"#ffffff","footer_button_background_gradient_top":"rgba(0,0,0,0)","footer_button_background_gradient_bottom":"rgba(0,0,0,0)","footer_button_hover_text_color":"#ffffff","footer_button_hover_background_color":"#d9121f","footer_button_hover_background_gradient_top":"rgba(0,0,0,0)","footer_button_hover_background_gradient_bottom":"rgba(0,0,0,0)","footer_social_color":"","footer_social_hover_color":"","blog_date":"","blog_tag_c":"","blog_tag_bc":"","blog_tag_bc_top":"","blog_tag_bc_bottom":"","blog_tag_hvr_c":"","blog_tag_hvr_bc":"","blog_tag_hvr_bc_top":"","blog_tag_hvr_bc_bottom":"","testi_tit_c":"","mb_toolbar_color":"#ffffff","mb_toolbar_bg":"#333333","mb_toolbar_cart_color":"#ffffff","mb_toolbar_cart_bg":"#d9121f","body_background_background":"0","body_background_position":"center center","body_background_repeat":"no-repeat","body_background_attachment":"scroll","body2_background_background":"0","body2_background_position":"top left","body2_background_repeat":"no-repeat","body2_background_attachment":"scroll","body3_background_background":"0","body3_background_position":"top left","body3_background_repeat":"no-repeat","body3_background_attachment":"scroll","header_bg_img":"0","header_bg_pos":"top left","header_bg_repeat":"no-repeat","header_bg_attach":"scroll","topbar_bg_img":"0","topbar_bg_pos":"top left","topbar_bg_repeat":"no-repeat","topbar_bg_attach":"scroll","top_bg_img":"0","top_bg_pos":"top left","top_bg_repeat":"no-repeat","top_bg_attach":"scroll","menu_bg_img":"0","menu_bg_pos":"top left","menu_bg_repeat":"no-repeat","menu_bg_attach":"scroll","menu_mobile_nav_use":false,"slideshow_bg_img":"0","slideshow_bg_pos":"top left","slideshow_bg_repeat":"no-repeat","slideshow_bg_attach":"scroll","custom_footer_background_background":"0","custom_footer_background_position":"top left","custom_footer_background_repeat":"no-repeat","custom_footer_background_attachment":"scroll","footer_background_background":"0","footer_background_position":"top left","footer_background_repeat":"repeat","footer_background_attachment":"scroll","cat_head_background_background":"0","sale_background_background":"0","new_background_background":"0","button_background_background":"0","button2_background_background":"0","advanced_header_margin_top":"","advanced_top_bar":"","advanced_myaccount":"","advanced_cart_block":"","advanced_category_box":"","advanced_megamenu_label":"","advanced_search":"","advanced_megamenu_type":"","advanced_dropdown_menu":"","advanced_prev_next":"","advanced_breadcrumb":"","advanced_product_grid":"","advanced_product_list":"","advanced_product_page":"","advanced_product_button":"","advanced_footer":"","advanced_banner_hover":"3","advanced_border_width":"","advanced_box":"","advanced_button":"","advanced_countdown":"","advanced_input":"","advanced_sale_new":"","header_always_show_vermenu":false,"header_always_show_vermenu_cat":false,"fixed_header":"menu","header_type":"1","tpro_use":false,"tpro_mobile":true,"tpro_cls":"3","tpro_text_1":"Free Shipping","tpro_img_use_1":false,"tpro_text_2":"24\/7 Support","tpro_img_use_2":false,"tpro_text_3":"Returned","tpro_img_use_3":false,"tpro_textcolor":"#ffffff","tpro_bgcolor":"#f39090","tpro_sep":"2","tpro_sepcolor":"#ffffff","show_multiple_currencies":true,"currency_format":"money_format","supported_currencies":"EUR USD GBP","default_currency":"USD","mmenu_use_1":true,"mmenu_mobile_1":false,"mmenu_pos_1":"menu","mmenu_order_1":"0","mmenu_label_text_color_1":"#ffffff","mmenu_label_bg_color_1":"#d9121f","mmenu_new_window_1":false,"mmenu_submenu_appear_1":"0","mmenu_orientation_1":"1","mmenu_searchbar_1":false,"mmenu_navigation_text_1":"Categories","mmenu_fullwidth_1":false,"mmenu_home_icon_1":false,"mmenu_home_text_1":"","mmenu_content_1":"0","mmenu_links_1":"","mmenu_links_w_1":"","mmenu_animation_type_1":"shift-left","mmenu_animation_time_1":"200","mi_use_1_1":true,"mi_text_1_1":"{NEW}Men","mi_class_1_1":"","mi_icon_1_1":false,"mi_url_1_1":"\/collections\/laptops","mi_mobile_1_1":true,"mi_pos_right_1_1":false,"mi_submenu_w_1_1":"190px","mi_submenu_bg_pos_1_1":"","mi_submenu_bg_repeat_1_1":"no-repeat","mi_use_1_2":true,"mi_sub_1_2":false,"mi_text_1_2":"Women","mi_class_1_2":"","mi_icon_1_2":false,"mi_url_1_2":"\/collections\/cameras","mi_mobile_1_2":true,"mi_pos_right_1_2":false,"mi_submenu_w_1_2":"190px","mi_submenu_bg_pos_1_2":"","mi_submenu_bg_repeat_1_2":"","mi_ct_w_1_2":"4","mi_ct_type_1_2":"0","mi_ct_html_1_2":"<p><br><\/p>","mi_ct_prod_1_2":"apple-cinema-30","mi_ct_prod_w_1_2":"","mi_ct_prod_h_1_2":"","mi_ct_links_1_2":"","mi_ct_links_col_1_2":"6","mi_ct_links_sub_visible_1_2":false,"mi_ct_links_img_pos_1_2":"top","mi_ct_links_imgw_1_2":"","mi_ct_links_imgh_1_2":"","mi_ct_links_sub_col_1_2":"","mi_ct_prods_1_2":"","mi_ct_prods_head_1_2":"Hot This Week","mi_ct_prods_inrow_1_2":"4","mi_ct_prods_imgw_1_2":"","mi_ct_prods_imgh_1_2":"","mi_use_1_3":true,"mi_sub_1_3":true,"mi_text_1_3":"Links","mi_class_1_3":"","mi_icon_1_3":false,"mi_url_1_3":"#","mi_mobile_1_3":true,"mi_pos_right_1_3":false,"mi_submenu_w_1_3":"190px","mi_submenu_bg_pos_1_3":"","mi_submenu_bg_repeat_1_3":"","mi_ct_w_1_3":"12","mi_ct_type_1_3":"2","mi_ct_html_1_3":"Welcome to my style","mi_ct_prod_1_3":"canon-eos-5d","mi_ct_prod_w_1_3":"200","mi_ct_prod_h_1_3":"200","mi_ct_links_1_3":"megamenu-linklist-1","mi_ct_links_col_1_3":"1","mi_ct_links_sub_visible_1_3":false,"mi_ct_links_img_pos_1_3":"","mi_ct_links_imgw_1_3":"","mi_ct_links_imgh_1_3":"","mi_ct_links_sub_col_1_3":"","mi_ct_prods_1_3":"","mi_ct_prods_head_1_3":"","mi_ct_prods_inrow_1_3":"","mi_ct_prods_imgw_1_3":"","mi_ct_prods_imgh_1_3":"","mi_use_1_4":true,"mi_sub_1_4":false,"mi_text_1_4":"{HOT}Accessories","mi_class_1_4":"","mi_icon_1_4":false,"mi_url_1_4":"\/collections\/phones","mi_mobile_1_4":true,"mi_pos_right_1_4":false,"mi_submenu_w_1_4":"795px","mi_submenu_bg_pos_1_4":"top right","mi_submenu_bg_repeat_1_4":"no-repeat","mi_ct_w_1_4":"4","mi_ct_type_1_4":"0","mi_ct_html_1_4":"<p><br><\/p>","mi_ct_prod_1_4":"","mi_ct_prod_w_1_4":"","mi_ct_prod_h_1_4":"","mi_ct_links_1_4":"","mi_ct_links_col_1_4":"","mi_ct_links_sub_visible_1_4":false,"mi_ct_links_img_pos_1_4":"","mi_ct_links_imgw_1_4":"","mi_ct_links_imgh_1_4":"","mi_ct_links_sub_col_1_4":"","mi_ct_prods_1_4":"","mi_ct_prods_head_1_4":"","mi_ct_prods_inrow_1_4":"","mi_ct_prods_imgw_1_4":"","mi_ct_prods_imgh_1_4":"","mi_use_1_5":true,"mi_sub_1_5":true,"mi_text_1_5":"Links","mi_class_1_5":"","mi_icon_1_5":false,"mi_url_1_5":"#","mi_mobile_1_5":true,"mi_pos_right_1_5":false,"mi_submenu_w_1_5":"100%","mi_submenu_bg_pos_1_5":"","mi_submenu_bg_repeat_1_5":"","mi_ct_w_1_5":"3","mi_ct_type_1_5":"2","mi_ct_html_1_5":"","mi_ct_prod_1_5":"","mi_ct_prod_w_1_5":"","mi_ct_prod_h_1_5":"","mi_ct_links_1_5":"megamenu-linklist-2","mi_ct_links_col_1_5":"1","mi_ct_links_sub_visible_1_5":false,"mi_ct_links_img_pos_1_5":"","mi_ct_links_imgw_1_5":"","mi_ct_links_imgh_1_5":"","mi_ct_links_sub_col_1_5":"","mi_ct_prods_1_5":"","mi_ct_prods_head_1_5":"","mi_ct_prods_inrow_1_5":"","mi_ct_prods_imgw_1_5":"","mi_ct_prods_imgh_1_5":"","mi_use_1_6":true,"mi_sub_1_6":true,"mi_text_1_6":"Blank","mi_class_1_6":"","mi_icon_1_6":false,"mi_url_1_6":"","mi_mobile_1_6":false,"mi_pos_right_1_6":false,"mi_submenu_w_1_6":"100%","mi_submenu_bg_pos_1_6":"","mi_submenu_bg_repeat_1_6":"","mi_ct_w_1_6":"5","mi_ct_type_1_6":"0","mi_ct_html_1_6":"<p><br><\/p>","mi_ct_prod_1_6":"","mi_ct_prod_w_1_6":"","mi_ct_prod_h_1_6":"","mi_ct_links_1_6":"","mi_ct_links_col_1_6":"","mi_ct_links_sub_visible_1_6":false,"mi_ct_links_img_pos_1_6":"","mi_ct_links_imgw_1_6":"","mi_ct_links_imgh_1_6":"","mi_ct_links_sub_col_1_6":"","mi_ct_prods_1_6":"","mi_ct_prods_head_1_6":"","mi_ct_prods_inrow_1_6":"","mi_ct_prods_imgw_1_6":"","mi_ct_prods_imgh_1_6":"","mi_use_1_7":true,"mi_sub_1_7":true,"mi_text_1_7":"Product","mi_class_1_7":"","mi_icon_1_7":false,"mi_url_1_7":"#","mi_mobile_1_7":false,"mi_pos_right_1_7":false,"mi_submenu_w_1_7":"100%","mi_submenu_bg_pos_1_7":"","mi_submenu_bg_repeat_1_7":"","mi_ct_w_1_7":"4","mi_ct_type_1_7":"0","mi_ct_html_1_7":"<div style=\"float:right;width:238px\"> <div class=\"product\">  <div class=\"new\">New<\/div>\r\n\r\n  <div class=\"image\"><a href=\"\/products\/apple-cinema-30\"><img src=\"https:\/\/cdn.shopify.com\/s\/files\/1\/1378\/1259\/products\/apple_cinema_30_medium.jpg?v=1475467030\" alt=\"Product\" \/><\/a><\/div>\r\n\r\n  <div class=\"name\"><a href=\"\/products\/apple-cinema-30\">Apple Cinema 30\"<\/a><\/div>\r\n\r\n  <div class=\"price\"><span class=\"money\">$110.00<\/span><\/div>\r\n\r\n<\/div>\r\n\r\n<\/div>","mi_ct_prod_1_7":"","mi_ct_prod_w_1_7":"","mi_ct_prod_h_1_7":"","mi_ct_links_1_7":"","mi_ct_links_col_1_7":"","mi_ct_links_sub_visible_1_7":false,"mi_ct_links_img_pos_1_7":"","mi_ct_links_imgw_1_7":"","mi_ct_links_imgh_1_7":"","mi_ct_links_sub_col_1_7":"","mi_ct_prods_1_7":"","mi_ct_prods_head_1_7":"","mi_ct_prods_inrow_1_7":"","mi_ct_prods_imgw_1_7":"","mi_ct_prods_imgh_1_7":"","mi_use_1_8":true,"mi_sub_1_8":false,"mi_text_1_8":"Lookbook","mi_class_1_8":"","mi_icon_1_8":false,"mi_url_1_8":"\/collections","mi_mobile_1_8":true,"mi_pos_right_1_8":false,"mi_submenu_w_1_8":"100%","mi_submenu_bg_pos_1_8":"","mi_submenu_bg_repeat_1_8":"","mi_ct_w_1_8":"4","mi_ct_type_1_8":"0","mi_ct_html_1_8":"<p><br><\/p>","mi_ct_prod_1_8":"","mi_ct_prod_w_1_8":"","mi_ct_prod_h_1_8":"","mi_ct_links_1_8":"","mi_ct_links_col_1_8":"","mi_ct_links_sub_visible_1_8":false,"mi_ct_links_img_pos_1_8":"","mi_ct_links_imgw_1_8":"","mi_ct_links_imgh_1_8":"","mi_ct_links_sub_col_1_8":"","mi_ct_prods_1_8":"","mi_ct_prods_head_1_8":"","mi_ct_prods_inrow_1_8":"","mi_ct_prods_imgw_1_8":"","mi_ct_prods_imgh_1_8":"","mi_use_1_9":true,"mi_sub_1_9":false,"mi_text_1_9":"Wishlist","mi_class_1_9":"","mi_icon_1_9":false,"mi_url_1_9":"\/collections","mi_mobile_1_9":true,"mi_pos_right_1_9":false,"mi_submenu_w_1_9":"100%","mi_submenu_bg_pos_1_9":"","mi_submenu_bg_repeat_1_9":"","mi_ct_w_1_9":"4","mi_ct_type_1_9":"0","mi_ct_html_1_9":"<p><br><\/p>","mi_ct_prod_1_9":"","mi_ct_prod_w_1_9":"","mi_ct_prod_h_1_9":"","mi_ct_links_1_9":"","mi_ct_links_col_1_9":"","mi_ct_links_sub_visible_1_9":false,"mi_ct_links_img_pos_1_9":"","mi_ct_links_imgw_1_9":"","mi_ct_links_imgh_1_9":"","mi_ct_links_sub_col_1_9":"","mi_ct_prods_1_9":"","mi_ct_prods_head_1_9":"","mi_ct_prods_inrow_1_9":"","mi_ct_prods_imgw_1_9":"","mi_ct_prods_imgh_1_9":"","mi_use_1_10":true,"mi_sub_1_10":false,"mi_text_1_10":"Contact","mi_class_1_10":"","mi_icon_1_10":false,"mi_url_1_10":"\/pages\/contact-us","mi_mobile_1_10":true,"mi_pos_right_1_10":false,"mi_submenu_w_1_10":"100%","mi_submenu_bg_pos_1_10":"","mi_submenu_bg_repeat_1_10":"","mi_ct_w_1_10":"4","mi_ct_type_1_10":"0","mi_ct_html_1_10":"<p><br><\/p>","mi_ct_prod_1_10":"","mi_ct_prod_w_1_10":"","mi_ct_prod_h_1_10":"","mi_ct_links_1_10":"","mi_ct_links_col_1_10":"","mi_ct_links_sub_visible_1_10":false,"mi_ct_links_img_pos_1_10":"","mi_ct_links_imgw_1_10":"","mi_ct_links_imgh_1_10":"","mi_ct_links_sub_col_1_10":"","mi_ct_prods_1_10":"","mi_ct_prods_head_1_10":"","mi_ct_prods_inrow_1_10":"","mi_ct_prods_imgw_1_10":"","mi_ct_prods_imgh_1_10":"","mmenu_use_2":true,"mmenu_mobile_2":true,"mmenu_pos_2":"menu","mmenu_order_2":"1","mmenu_label_text_color_2":"#ffffff","mmenu_label_bg_color_2":"#d9121f","mmenu_new_window_2":false,"mmenu_submenu_appear_2":"0","mmenu_orientation_2":"0","mmenu_searchbar_2":false,"mmenu_navigation_text_2":"Navigation","mmenu_fullwidth_2":true,"mmenu_home_icon_2":false,"mmenu_home_text_2":"","mmenu_content_2":"0","mmenu_links_2":"","mmenu_links_w_2":"","mmenu_animation_type_2":"shift-up","mmenu_animation_time_2":"200","mi_use_2_1":true,"mi_text_2_1":"{NEW}Men","mi_class_2_1":"","mi_icon_2_1":false,"mi_url_2_1":"\/collections\/phones","mi_mobile_2_1":true,"mi_pos_right_2_1":false,"mi_submenu_w_2_1":"190px","mi_submenu_bg_pos_2_1":"","mi_submenu_bg_repeat_2_1":"","mi_use_2_2":true,"mi_sub_2_2":true,"mi_text_2_2":"Links","mi_class_2_2":"","mi_icon_2_2":false,"mi_url_2_2":"","mi_mobile_2_2":true,"mi_pos_right_2_2":false,"mi_submenu_w_2_2":"100%","mi_submenu_bg_pos_2_2":"","mi_submenu_bg_repeat_2_2":"","mi_ct_w_2_2":"12","mi_ct_type_2_2":"2","mi_ct_html_2_2":"","mi_ct_prod_2_2":"","mi_ct_prod_w_2_2":"","mi_ct_prod_h_2_2":"","mi_ct_links_2_2":"megamenu-linklist-3","mi_ct_links_col_2_2":"1","mi_ct_links_sub_visible_2_2":false,"mi_ct_links_img_pos_2_2":"","mi_ct_links_imgw_2_2":"","mi_ct_links_imgh_2_2":"","mi_ct_links_sub_col_2_2":"","mi_ct_prods_2_2":"","mi_ct_prods_head_2_2":"","mi_ct_prods_inrow_2_2":"","mi_ct_prods_imgw_2_2":"","mi_ct_prods_imgh_2_2":"","mi_use_2_3":true,"mi_sub_2_3":false,"mi_text_2_3":"Women","mi_class_2_3":"","mi_icon_2_3":false,"mi_url_2_3":"\/collections\/cameras","mi_mobile_2_3":true,"mi_pos_right_2_3":false,"mi_submenu_w_2_3":"750px","mi_submenu_bg_pos_2_3":"top right","mi_submenu_bg_repeat_2_3":"no-repeat","mi_ct_w_2_3":"4","mi_ct_type_2_3":"0","mi_ct_html_2_3":"<p><br><\/p>","mi_ct_prod_2_3":"","mi_ct_prod_w_2_3":"","mi_ct_prod_h_2_3":"","mi_ct_links_2_3":"","mi_ct_links_col_2_3":"","mi_ct_links_sub_visible_2_3":false,"mi_ct_links_img_pos_2_3":"","mi_ct_links_imgw_2_3":"","mi_ct_links_imgh_2_3":"","mi_ct_links_sub_col_2_3":"","mi_ct_prods_2_3":"","mi_ct_prods_head_2_3":"","mi_ct_prods_inrow_2_3":"","mi_ct_prods_imgw_2_3":"","mi_ct_prods_imgh_2_3":"","mi_use_2_4":true,"mi_sub_2_4":true,"mi_text_2_4":"Links","mi_class_2_4":"","mi_icon_2_4":false,"mi_url_2_4":"","mi_mobile_2_4":true,"mi_pos_right_2_4":false,"mi_submenu_w_2_4":"100%","mi_submenu_bg_pos_2_4":"","mi_submenu_bg_repeat_2_4":"","mi_ct_w_2_4":"3","mi_ct_type_2_4":"2","mi_ct_html_2_4":"","mi_ct_prod_2_4":"","mi_ct_prod_w_2_4":"","mi_ct_prod_h_2_4":"","mi_ct_links_2_4":"megamenu-linklist-4","mi_ct_links_col_2_4":"1","mi_ct_links_sub_visible_2_4":false,"mi_ct_links_img_pos_2_4":"","mi_ct_links_imgw_2_4":"","mi_ct_links_imgh_2_4":"","mi_ct_links_sub_col_2_4":"","mi_ct_prods_2_4":"","mi_ct_prods_head_2_4":"","mi_ct_prods_inrow_2_4":"","mi_ct_prods_imgw_2_4":"","mi_ct_prods_imgh_2_4":"","mi_use_2_5":true,"mi_sub_2_5":false,"mi_text_2_5":"{HOT}Accessories","mi_class_2_5":"","mi_icon_2_5":false,"mi_url_2_5":"\/collections\/desktops","mi_mobile_2_5":true,"mi_pos_right_2_5":false,"mi_submenu_w_2_5":"100%","mi_submenu_bg_pos_2_5":"top right","mi_submenu_bg_repeat_2_5":"no-repeat","mi_ct_w_2_5":"4","mi_ct_type_2_5":"0","mi_ct_html_2_5":"<p><br><\/p>","mi_ct_prod_2_5":"","mi_ct_prod_w_2_5":"","mi_ct_prod_h_2_5":"","mi_ct_links_2_5":"","mi_ct_links_col_2_5":"","mi_ct_links_sub_visible_2_5":false,"mi_ct_links_img_pos_2_5":"","mi_ct_links_imgw_2_5":"","mi_ct_links_imgh_2_5":"","mi_ct_links_sub_col_2_5":"","mi_ct_prods_2_5":"","mi_ct_prods_head_2_5":"","mi_ct_prods_inrow_2_5":"","mi_ct_prods_imgw_2_5":"","mi_ct_prods_imgh_2_5":"","mi_use_2_6":true,"mi_sub_2_6":true,"mi_text_2_6":"Links","mi_class_2_6":"","mi_icon_2_6":false,"mi_url_2_6":"#","mi_mobile_2_6":true,"mi_pos_right_2_6":false,"mi_submenu_w_2_6":"100%","mi_submenu_bg_pos_2_6":"","mi_submenu_bg_repeat_2_6":"","mi_ct_w_2_6":"6","mi_ct_type_2_6":"2","mi_ct_html_2_6":"","mi_ct_prod_2_6":"","mi_ct_prod_w_2_6":"","mi_ct_prod_h_2_6":"","mi_ct_links_2_6":"megamenu-linklist-5","mi_ct_links_col_2_6":"3","mi_ct_links_sub_visible_2_6":true,"mi_ct_links_img_pos_2_6":"none","mi_ct_links_imgw_2_6":"","mi_ct_links_imgh_2_6":"","mi_ct_links_sub_col_2_6":"1","mi_ct_prods_2_6":"","mi_ct_prods_head_2_6":"","mi_ct_prods_inrow_2_6":"","mi_ct_prods_imgw_2_6":"","mi_ct_prods_imgh_2_6":"","mi_use_2_7":true,"mi_sub_2_7":true,"mi_text_2_7":"Baner","mi_class_2_7":"","mi_icon_2_7":false,"mi_url_2_7":"","mi_mobile_2_7":false,"mi_pos_right_2_7":false,"mi_submenu_w_2_7":"100%","mi_submenu_bg_pos_2_7":"","mi_submenu_bg_repeat_2_7":"","mi_ct_w_2_7":"12","mi_ct_type_2_7":"0","mi_ct_html_2_7":"<a href=\"#\" style=\"display: block;max-width: 555px\"><img src=\"https:\/\/cdn.shopify.com\/s\/files\/1\/1378\/1259\/files\/megamenu-banner.png?14352578086733445021\" alt=\"Banner\" style=\"display: block\"><\/a>","mi_ct_prod_2_7":"","mi_ct_prod_w_2_7":"","mi_ct_prod_h_2_7":"","mi_ct_links_2_7":"","mi_ct_links_col_2_7":"","mi_ct_links_sub_visible_2_7":false,"mi_ct_links_img_pos_2_7":"","mi_ct_links_imgw_2_7":"","mi_ct_links_imgh_2_7":"","mi_ct_links_sub_col_2_7":"","mi_ct_prods_2_7":"","mi_ct_prods_head_2_7":"","mi_ct_prods_inrow_2_7":"","mi_ct_prods_imgw_2_7":"","mi_ct_prods_imgh_2_7":"","mi_use_2_8":true,"mi_sub_2_8":false,"mi_text_2_8":"Lookbook","mi_class_2_8":"","mi_icon_2_8":false,"mi_url_2_8":"\/pages\/lookbook","mi_mobile_2_8":true,"mi_pos_right_2_8":false,"mi_submenu_w_2_8":"400px","mi_submenu_bg_pos_2_8":"","mi_submenu_bg_repeat_2_8":"","mi_ct_w_2_8":"4","mi_ct_type_2_8":"0","mi_ct_html_2_8":"<p><br><\/p>","mi_ct_prod_2_8":"","mi_ct_prod_w_2_8":"","mi_ct_prod_h_2_8":"","mi_ct_links_2_8":"","mi_ct_links_col_2_8":"","mi_ct_links_sub_visible_2_8":false,"mi_ct_links_img_pos_2_8":"","mi_ct_links_imgw_2_8":"","mi_ct_links_imgh_2_8":"","mi_ct_links_sub_col_2_8":"","mi_ct_prods_2_8":"","mi_ct_prods_head_2_8":"","mi_ct_prods_inrow_2_8":"","mi_ct_prods_imgw_2_8":"","mi_ct_prods_imgh_2_8":"","mi_use_2_9":true,"mi_sub_2_9":false,"mi_text_2_9":"Contact","mi_class_2_9":"","mi_icon_2_9":false,"mi_url_2_9":"\/pages\/contact-us","mi_mobile_2_9":true,"mi_pos_right_2_9":false,"mi_submenu_w_2_9":"100%","mi_submenu_bg_pos_2_9":"","mi_submenu_bg_repeat_2_9":"","mi_ct_w_2_9":"4","mi_ct_type_2_9":"0","mi_ct_html_2_9":"<p><br><\/p>","mi_ct_prod_2_9":"","mi_ct_prod_w_2_9":"","mi_ct_prod_h_2_9":"","mi_ct_links_2_9":"","mi_ct_links_col_2_9":"","mi_ct_links_sub_visible_2_9":false,"mi_ct_links_img_pos_2_9":"","mi_ct_links_imgw_2_9":"","mi_ct_links_imgh_2_9":"","mi_ct_links_sub_col_2_9":"","mi_ct_prods_2_9":"","mi_ct_prods_head_2_9":"","mi_ct_prods_inrow_2_9":"","mi_ct_prods_imgw_2_9":"","mi_ct_prods_imgh_2_9":"","mi_use_2_10":true,"mi_sub_2_10":false,"mi_text_2_10":"Blog","mi_class_2_10":"","mi_icon_2_10":false,"mi_url_2_10":"\/blogs\/news","mi_mobile_2_10":true,"mi_pos_right_2_10":true,"mi_submenu_w_2_10":"100%","mi_submenu_bg_pos_2_10":"","mi_submenu_bg_repeat_2_10":"","mi_ct_w_2_10":"4","mi_ct_type_2_10":"0","mi_ct_html_2_10":"<p><br><\/p>","mi_ct_prod_2_10":"","mi_ct_prod_w_2_10":"","mi_ct_prod_h_2_10":"","mi_ct_links_2_10":"","mi_ct_links_col_2_10":"","mi_ct_links_sub_visible_2_10":false,"mi_ct_links_img_pos_2_10":"","mi_ct_links_imgw_2_10":"","mi_ct_links_imgh_2_10":"","mi_ct_links_sub_col_2_10":"","mi_ct_prods_2_10":"","mi_ct_prods_head_2_10":"","mi_ct_prods_inrow_2_10":"","mi_ct_prods_imgw_2_10":"","mi_ct_prods_imgh_2_10":"","pos_top_block_use":true,"pos_menu_use":true,"pos_menu2_use":true,"pos_slideshow_use":true,"pos_preface_left_use":false,"pos_preface_right_use":false,"pos_preface_fullwidth_use":true,"pos_column_left_use":true,"pos_content_big_column_use":true,"pos_content_top_use":true,"pos_column_right_use":true,"pos_content_bottom_use":true,"hn_use":true,"hn_desktop":true,"hn_mobile":false,"hn_once":false,"hn_text":"This is new bar notification!","hn_bc":"","hn_link_c":"","hn_linkhvr_c":"","hn_closebt_bc":"","hn_closebt_c":"","hn_closebt_hvr_bc":"","hn_closebt_hvr_c":"","slider_use":true,"slider_pos":"slideshow","slider_order":"0","slider_placement":"full-width","slider_overflow":false,"slider_auto":true,"slider_interval":"7000","slider_align_top":false,"slider_margintop":"","slider_scale":true,"slider_height":"","slider_auto_height":true,"slider_mask":false,"slider_mask_color":"#000000","slider_mask_opacity":"0.2","slider_absolute_bg":false,"slider_afx_head":"","slider_afx_cap":"","slider_afx_cta":"","slider_afx_sticker":"","slider_dfx_head":"","slider_dfx_cap":"","slider_dfx_cta":"","slider_dfx_sticker":"","slide_use_1":true,"slide_img_use_1":true,"slide_vid_1":"","slide_cta_1":"","slide_url_1":"\/collections\/all","slide_head_1":"","slide_capt_1":"","slide_cta_btw_1":false,"slide_cta_undrline_1":false,"slide_swap_1":false,"slide_head_size_1":"50","slide_head_color_1":"#ffffff","slide_head_bodyfont_1":false,"slide_head_space_1":false,"slide_head_decor_1":"0","slide_capt_size_1":"20","slide_capt_color_1":"#ffffff","slide_capt_decor_1":"0","slide_pos_1":false,"slide_posver_type_1":"top","slide_posver_1":"","slide_poshor_type_1":"left","slide_poshor_1":"","slide_width_1":"1000","slide_align_1":"center","slide_sticker_1":false,"slide_use_2":true,"slide_img_use_2":true,"slide_vid_2":"","slide_cta_2":"","slide_url_2":"\/collections\/all","slide_head_2":"","slide_capt_2":"","slide_cta_btw_2":false,"slide_cta_undrline_2":false,"slide_swap_2":false,"slide_head_size_2":"27","slide_head_color_2":"#ffffff","slide_head_bodyfont_2":false,"slide_head_space_2":false,"slide_head_decor_2":"0","slide_capt_size_2":"50","slide_capt_color_2":"#ffffff","slide_capt_decor_2":"2","slide_pos_2":false,"slide_posver_type_2":"top","slide_posver_2":"","slide_poshor_type_2":"left","slide_poshor_2":"","slide_width_2":"600","slide_align_2":"left","slide_sticker_2":false,"slide_use_3":false,"slide_img_use_3":true,"slide_vid_3":"","slide_cta_3":"","slide_url_3":"\/collections\/all","slide_head_3":"","slide_capt_3":"","slide_cta_btw_3":false,"slide_cta_undrline_3":false,"slide_swap_3":false,"slide_head_size_3":"","slide_head_color_3":"","slide_head_bodyfont_3":false,"slide_head_space_3":false,"slide_head_decor_3":"0","slide_capt_size_3":"","slide_capt_color_3":"","slide_capt_decor_3":"0","slide_pos_3":false,"slide_posver_type_3":"top","slide_posver_3":"","slide_poshor_type_3":"left","slide_poshor_3":"","slide_width_3":"550","slide_align_3":"right","slide_sticker_3":false,"ag_use_1":true,"ag_mobile_1":true,"ag_order_1":"3","ag_pos_1":"preface_fullwidth","ag_class_1":"categories-wall","ag_marg_1":"60-0-0-0","ag_padd_1":"0-0-0-0","ag_fullw_1":true,"ag_bgcolor_1":"#ffffff","ag_bgimg_use_1":false,"ag_bgtype_1":"0","ag_bgpos_1":"top left","ag_repeat_1":"no-repeat","ag_attach_1":"scroll","ac_use_1_1":true,"ac_clw_1_1":"4","ac_clw_adv_1_1":false,"ac_mobile_1_1":true,"acm_use_1_1_1":true,"acm_type_1_1_1":"0","acm_title_1_1_1":"","acm_text_1_1_1":"<div class=\"category-wall\">    <div class=\"image\" style=\"background: #f5f4f4\"><a href=\"\/collections\/cameras\"><img src=\"https:\/\/cdn.shopify.com\/s\/files\/1\/1378\/1259\/files\/category-wall-01.png?1111314204131502133\" alt=\"Image\" style=\"margin-right: 0\"><\/a><\/div>    <h3><a href=\"\/collections\/cameras\">Cameras<\/a><\/h3>    <ul>       <li><a href=\"\/collections\/cameras\/products\/palm-treo-pro\">Palm Treo Pro<\/a><\/li>       <li><a href=\"\/collections\/cameras\/products\/apple-cinema-30\">Apple Cinema 30\"<\/a><\/li>       <li><a href=\"\/collections\/cameras\/products\/canon-eos-5d\">Canon EOS 5D<\/a><\/li>    <\/ul>    <a href=\"\/collections\/\" class=\"more-categories\">More categories<\/a> <\/div>","acm_imgdim_1_1_1":"300 300","acm_limit_1_1_1":"10","acm_llist_1_1_1":"","acm_blog_1_1_1":"news","acm_skin_1_1_1":"furniture-grid","acm_use_1_1_2":false,"acm_type_1_1_2":"5","acm_title_1_1_2":"Connecting People","acm_text_1_1_2":"Follow Us And Keep Receiving Good Things","acm_imgdim_1_1_2":"","acm_limit_1_1_2":"","acm_llist_1_1_2":"","acm_blog_1_1_2":"","acm_skin_1_1_2":"fashion3","ac_use_1_2":true,"ac_clw_1_2":"4","ac_clw_adv_1_2":false,"ac_mobile_1_2":true,"acm_use_1_2_1":true,"acm_type_1_2_1":"0","acm_title_1_2_1":"","acm_text_1_2_1":"<div class=\"category-wall\">\r\n   <div class=\"image\" style=\"background: #f1f1f1\"><a href=\"\/collections\/laptops\"><img src=\"https:\/\/cdn.shopify.com\/s\/files\/1\/1378\/1259\/files\/category-wall-02.png?518406376060356107\" alt=\"Image\" style=\"margin-left: 0\"><\/a><\/div>\r\n   <h3><a href=\"\/collections\/laptops\">Clothes<\/a><\/h3>\r\n   <ul>\r\n      <li><a href=\"\/collections\/laptops\/products\/ipod-classic\">iPod Classic<\/a><\/li>\r\n      <li><a href=\"\/collections\/laptops\/products\/ipod-touch\">iPod Touch<\/a><\/li>\r\n      <li><a href=\"\/collections\/laptops\/products\/ipod-nano\">iPod Nano<\/a><\/li>\r\n   <\/ul>\r\n   <a href=\"\/collections\" class=\"more-categories\">More categories<\/a>\r\n<\/div>","acm_imgdim_1_2_1":"","acm_limit_1_2_1":"","acm_llist_1_2_1":"","acm_blog_1_2_1":"","acm_skin_1_2_1":"","acm_use_1_2_2":false,"acm_type_1_2_2":"0","acm_title_1_2_2":"","acm_text_1_2_2":"","acm_imgdim_1_2_2":"","acm_limit_1_2_2":"","acm_llist_1_2_2":"","acm_blog_1_2_2":"","acm_skin_1_2_2":"","ac_use_1_3":true,"ac_clw_1_3":"4","ac_clw_adv_1_3":false,"ac_mobile_1_3":true,"acm_use_1_3_1":true,"acm_type_1_3_1":"0","acm_title_1_3_1":"","acm_text_1_3_1":"<div class=\"category-wall\">\r\n   <div class=\"image\" style=\"background: #fcfcfc\"><a href=\"\/collections\/components\"><img src=\"https:\/\/cdn.shopify.com\/s\/files\/1\/1378\/1259\/files\/category-wall-03.png?518406376060356107\" alt=\"Image\" style=\"margin-left: 0\"><\/a><\/div>\r\n   <h3><a href=\"\/collections\/components\">Components<\/a><\/h3>\r\n   <ul>\r\n      <li><a href=\"\/collections\/components\/products\/sony-vaio\">Sony VAIO<\/a><\/li>\r\n      <li><a href=\"\/collections\/components\/products\/macbook-pro\">Macbook Pro<\/a><\/li>\r\n      <li><a href=\"\/collections\/components\/products\/samsung-galaxy-tab\">Samsung Galaxy<\/a><\/li>\r\n   <\/ul>\r\n   <a href=\"\/collections\" class=\"more-categories\">More categories<\/a>\r\n<\/div>","acm_imgdim_1_3_1":"","acm_limit_1_3_1":"","acm_llist_1_3_1":"","acm_blog_1_3_1":"","acm_skin_1_3_1":"","acm_use_1_3_2":false,"acm_type_1_3_2":"0","acm_title_1_3_2":"","acm_text_1_3_2":"","acm_imgdim_1_3_2":"","acm_limit_1_3_2":"","acm_llist_1_3_2":"","acm_blog_1_3_2":"","acm_skin_1_3_2":"","ac_use_1_4":false,"ac_clw_1_4":"","ac_clw_adv_1_4":false,"ac_mobile_1_4":false,"acm_use_1_4_1":false,"acm_type_1_4_1":"0","acm_title_1_4_1":"","acm_text_1_4_1":"","acm_imgdim_1_4_1":"","acm_limit_1_4_1":"","acm_llist_1_4_1":"","acm_blog_1_4_1":"","acm_skin_1_4_1":"","acm_use_1_4_2":false,"acm_type_1_4_2":"0","acm_title_1_4_2":"","acm_text_1_4_2":"","acm_imgdim_1_4_2":"","acm_limit_1_4_2":"","acm_llist_1_4_2":"","acm_blog_1_4_2":"","acm_skin_1_4_2":"","ac_use_1_5":false,"ac_clw_1_5":"","ac_clw_adv_1_5":false,"ac_mobile_1_5":false,"acm_use_1_5_1":false,"acm_type_1_5_1":"0","acm_title_1_5_1":"","acm_text_1_5_1":"","acm_imgdim_1_5_1":"","acm_limit_1_5_1":"","acm_llist_1_5_1":"","acm_blog_1_5_1":"","acm_skin_1_5_1":"","acm_use_1_5_2":false,"acm_type_1_5_2":"0","acm_title_1_5_2":"","acm_text_1_5_2":"","acm_imgdim_1_5_2":"","acm_limit_1_5_2":"","acm_llist_1_5_2":"","acm_blog_1_5_2":"","acm_skin_1_5_2":"","ag_use_2":true,"ag_mobile_2":false,"ag_order_2":"1","ag_pos_2":"content_bottom","ag_class_2":"","ag_marg_2":"115-0-0-0","ag_padd_2":"0-0-0-0","ag_fullw_2":true,"ag_bgcolor_2":"#f3f3f3","ag_bgimg_use_2":false,"ag_bgtype_2":"0","ag_bgpos_2":"","ag_repeat_2":"","ag_attach_2":"","ac_use_2_1":true,"ac_clw_2_1":"12","ac_clw_adv_2_1":false,"ac_mobile_2_1":true,"acm_use_2_1_1":true,"acm_type_2_1_1":"0","acm_title_2_1_1":"","acm_text_2_1_1":"<div class=\"banner-big-sale\">\r\n   <h3>Check all<br>products on SALE!<\/h3>\r\n   <a href=\"#\" class=\"button\">Read more<\/a>\r\n   <img src=\"https:\/\/cdn.shopify.com\/s\/files\/1\/1378\/1259\/files\/banner-big-sale.png?8437156776420403188\" alt=\"Big sale\" style=\"position:absolute;bottom: 0;right:74px\">\r\n<\/div>","acm_imgdim_2_1_1":"","acm_limit_2_1_1":"","acm_llist_2_1_1":"","acm_blog_2_1_1":"","acm_skin_2_1_1":"","acm_use_2_1_2":false,"acm_type_2_1_2":"0","acm_title_2_1_2":"","acm_text_2_1_2":"","acm_imgdim_2_1_2":"","acm_limit_2_1_2":"","acm_llist_2_1_2":"","acm_blog_2_1_2":"","acm_skin_2_1_2":"","ac_use_2_2":false,"ac_clw_2_2":"","ac_clw_adv_2_2":false,"ac_mobile_2_2":false,"acm_use_2_2_1":false,"acm_type_2_2_1":"0","acm_title_2_2_1":"","acm_text_2_2_1":"","acm_imgdim_2_2_1":"","acm_limit_2_2_1":"","acm_llist_2_2_1":"","acm_blog_2_2_1":"","acm_skin_2_2_1":"","acm_use_2_2_2":false,"acm_type_2_2_2":"0","acm_title_2_2_2":"","acm_text_2_2_2":"","acm_imgdim_2_2_2":"","acm_limit_2_2_2":"","acm_llist_2_2_2":"","acm_blog_2_2_2":"","acm_skin_2_2_2":"","ac_use_2_3":false,"ac_clw_2_3":"","ac_clw_adv_2_3":false,"ac_mobile_2_3":false,"acm_use_2_3_1":false,"acm_type_2_3_1":"0","acm_title_2_3_1":"","acm_text_2_3_1":"","acm_imgdim_2_3_1":"","acm_limit_2_3_1":"","acm_llist_2_3_1":"","acm_blog_2_3_1":"","acm_skin_2_3_1":"","acm_use_2_3_2":false,"acm_type_2_3_2":"0","acm_title_2_3_2":"","acm_text_2_3_2":"","acm_imgdim_2_3_2":"","acm_limit_2_3_2":"","acm_llist_2_3_2":"","acm_blog_2_3_2":"","acm_skin_2_3_2":"","ac_use_2_4":false,"ac_clw_2_4":"","ac_clw_adv_2_4":false,"ac_mobile_2_4":false,"acm_use_2_4_1":false,"acm_type_2_4_1":"0","acm_title_2_4_1":"","acm_text_2_4_1":"","acm_imgdim_2_4_1":"","acm_limit_2_4_1":"","acm_llist_2_4_1":"","acm_blog_2_4_1":"","acm_skin_2_4_1":"","acm_use_2_4_2":false,"acm_type_2_4_2":"0","acm_title_2_4_2":"","acm_text_2_4_2":"","acm_imgdim_2_4_2":"","acm_limit_2_4_2":"","acm_llist_2_4_2":"","acm_blog_2_4_2":"","acm_skin_2_4_2":"","ac_use_2_5":false,"ac_clw_2_5":"","ac_clw_adv_2_5":false,"ac_mobile_2_5":false,"acm_use_2_5_1":false,"acm_type_2_5_1":"0","acm_title_2_5_1":"","acm_text_2_5_1":"","acm_imgdim_2_5_1":"","acm_limit_2_5_1":"","acm_llist_2_5_1":"","acm_blog_2_5_1":"","acm_skin_2_5_1":"","acm_use_2_5_2":false,"acm_type_2_5_2":"0","acm_title_2_5_2":"","acm_text_2_5_2":"","acm_imgdim_2_5_2":"","acm_limit_2_5_2":"","acm_llist_2_5_2":"","acm_blog_2_5_2":"","acm_skin_2_5_2":"","ag_use_3":false,"ag_mobile_3":false,"ag_order_3":"","ag_pos_3":"slideshow","ag_class_3":"","ag_marg_3":"","ag_padd_3":"","ag_fullw_3":false,"ag_bgcolor_3":"","ag_bgimg_use_3":false,"ag_bgtype_3":"0","ag_bgpos_3":"","ag_repeat_3":"","ag_attach_3":"","ac_use_3_1":false,"ac_clw_3_1":"","ac_clw_adv_3_1":false,"ac_mobile_3_1":false,"acm_use_3_1_1":false,"acm_type_3_1_1":"0","acm_title_3_1_1":"","acm_text_3_1_1":"","acm_imgdim_3_1_1":"","acm_limit_3_1_1":"","acm_llist_3_1_1":"","acm_blog_3_1_1":"","acm_skin_3_1_1":"","acm_use_3_1_2":false,"acm_type_3_1_2":"0","acm_title_3_1_2":"","acm_text_3_1_2":"","acm_imgdim_3_1_2":"","acm_limit_3_1_2":"","acm_llist_3_1_2":"","acm_blog_3_1_2":"","acm_skin_3_1_2":"","ac_use_3_2":false,"ac_clw_3_2":"","ac_clw_adv_3_2":false,"ac_mobile_3_2":false,"acm_use_3_2_1":false,"acm_type_3_2_1":"0","acm_title_3_2_1":"","acm_text_3_2_1":"","acm_imgdim_3_2_1":"","acm_limit_3_2_1":"","acm_llist_3_2_1":"","acm_blog_3_2_1":"","acm_skin_3_2_1":"","acm_use_3_2_2":false,"acm_type_3_2_2":"0","acm_title_3_2_2":"","acm_text_3_2_2":"","acm_imgdim_3_2_2":"","acm_limit_3_2_2":"","acm_llist_3_2_2":"","acm_blog_3_2_2":"","acm_skin_3_2_2":"","ac_use_3_3":false,"ac_clw_3_3":"","ac_clw_adv_3_3":false,"ac_mobile_3_3":false,"acm_use_3_3_1":false,"acm_type_3_3_1":"0","acm_title_3_3_1":"","acm_text_3_3_1":"","acm_imgdim_3_3_1":"","acm_limit_3_3_1":"","acm_llist_3_3_1":"","acm_blog_3_3_1":"","acm_skin_3_3_1":"","acm_use_3_3_2":false,"acm_type_3_3_2":"0","acm_title_3_3_2":"","acm_text_3_3_2":"","acm_imgdim_3_3_2":"","acm_limit_3_3_2":"","acm_llist_3_3_2":"","acm_blog_3_3_2":"","acm_skin_3_3_2":"","ac_use_3_4":false,"ac_clw_3_4":"","ac_clw_adv_3_4":false,"ac_mobile_3_4":false,"acm_use_3_4_1":false,"acm_type_3_4_1":"0","acm_title_3_4_1":"","acm_text_3_4_1":"","acm_imgdim_3_4_1":"","acm_limit_3_4_1":"","acm_llist_3_4_1":"","acm_blog_3_4_1":"","acm_skin_3_4_1":"","acm_use_3_4_2":false,"acm_type_3_4_2":"0","acm_title_3_4_2":"","acm_text_3_4_2":"","acm_imgdim_3_4_2":"","acm_limit_3_4_2":"","acm_llist_3_4_2":"","acm_blog_3_4_2":"","acm_skin_3_4_2":"","ac_use_3_5":false,"ac_clw_3_5":"","ac_clw_adv_3_5":false,"ac_mobile_3_5":false,"acm_use_3_5_1":false,"acm_type_3_5_1":"0","acm_title_3_5_1":"","acm_text_3_5_1":"","acm_imgdim_3_5_1":"","acm_limit_3_5_1":"","acm_llist_3_5_1":"","acm_blog_3_5_1":"","acm_skin_3_5_1":"","acm_use_3_5_2":false,"acm_type_3_5_2":"0","acm_title_3_5_2":"","acm_text_3_5_2":"","acm_imgdim_3_5_2":"","acm_limit_3_5_2":"","acm_llist_3_5_2":"","acm_blog_3_5_2":"","acm_skin_3_5_2":"","ag_use_4":false,"ag_mobile_4":false,"ag_order_4":"","ag_pos_4":"slideshow","ag_class_4":"","ag_marg_4":"","ag_padd_4":"","ag_fullw_4":false,"ag_bgcolor_4":"","ag_bgimg_use_4":false,"ag_bgtype_4":"0","ag_bgpos_4":"","ag_repeat_4":"","ag_attach_4":"","ac_use_4_1":false,"ac_clw_4_1":"","ac_clw_adv_4_1":false,"ac_mobile_4_1":false,"acm_use_4_1_1":false,"acm_type_4_1_1":"0","acm_title_4_1_1":"","acm_text_4_1_1":"","acm_imgdim_4_1_1":"","acm_limit_4_1_1":"","acm_llist_4_1_1":"","acm_blog_4_1_1":"","acm_skin_4_1_1":"","acm_use_4_1_2":false,"acm_type_4_1_2":"0","acm_title_4_1_2":"","acm_text_4_1_2":"","acm_imgdim_4_1_2":"","acm_limit_4_1_2":"","acm_llist_4_1_2":"","acm_blog_4_1_2":"","acm_skin_4_1_2":"","ac_use_4_2":false,"ac_clw_4_2":"","ac_clw_adv_4_2":false,"ac_mobile_4_2":false,"acm_use_4_2_1":false,"acm_type_4_2_1":"0","acm_title_4_2_1":"","acm_text_4_2_1":"","acm_imgdim_4_2_1":"","acm_limit_4_2_1":"","acm_llist_4_2_1":"","acm_blog_4_2_1":"","acm_skin_4_2_1":"","acm_use_4_2_2":false,"acm_type_4_2_2":"0","acm_title_4_2_2":"","acm_text_4_2_2":"","acm_imgdim_4_2_2":"","acm_limit_4_2_2":"","acm_llist_4_2_2":"","acm_blog_4_2_2":"","acm_skin_4_2_2":"","ac_use_4_3":false,"ac_clw_4_3":"","ac_clw_adv_4_3":false,"ac_mobile_4_3":false,"acm_use_4_3_1":false,"acm_type_4_3_1":"0","acm_title_4_3_1":"","acm_text_4_3_1":"","acm_imgdim_4_3_1":"","acm_limit_4_3_1":"","acm_llist_4_3_1":"","acm_blog_4_3_1":"","acm_skin_4_3_1":"","acm_use_4_3_2":false,"acm_type_4_3_2":"0","acm_title_4_3_2":"","acm_text_4_3_2":"","acm_imgdim_4_3_2":"","acm_limit_4_3_2":"","acm_llist_4_3_2":"","acm_blog_4_3_2":"","acm_skin_4_3_2":"","ac_use_4_4":false,"ac_clw_4_4":"","ac_clw_adv_4_4":false,"ac_mobile_4_4":false,"acm_use_4_4_1":false,"acm_type_4_4_1":"0","acm_title_4_4_1":"","acm_text_4_4_1":"","acm_imgdim_4_4_1":"","acm_limit_4_4_1":"","acm_llist_4_4_1":"","acm_blog_4_4_1":"","acm_skin_4_4_1":"","acm_use_4_4_2":false,"acm_type_4_4_2":"0","acm_title_4_4_2":"","acm_text_4_4_2":"","acm_imgdim_4_4_2":"","acm_limit_4_4_2":"","acm_llist_4_4_2":"","acm_blog_4_4_2":"","acm_skin_4_4_2":"","ac_use_4_5":false,"ac_clw_4_5":"","ac_clw_adv_4_5":false,"ac_mobile_4_5":false,"acm_use_4_5_1":false,"acm_type_4_5_1":"0","acm_title_4_5_1":"","acm_text_4_5_1":"","acm_imgdim_4_5_1":"","acm_limit_4_5_1":"","acm_llist_4_5_1":"","acm_blog_4_5_1":"","acm_skin_4_5_1":"","acm_use_4_5_2":false,"acm_type_4_5_2":"0","acm_title_4_5_2":"","acm_text_4_5_2":"","acm_imgdim_4_5_2":"","acm_limit_4_5_2":"","acm_llist_4_5_2":"","acm_blog_4_5_2":"","acm_skin_4_5_2":"","ag_use_5":false,"ag_mobile_5":false,"ag_order_5":"","ag_pos_5":"slideshow","ag_class_5":"","ag_marg_5":"","ag_padd_5":"","ag_fullw_5":false,"ag_bgcolor_5":"","ag_bgimg_use_5":false,"ag_bgtype_5":"0","ag_bgpos_5":"","ag_repeat_5":"","ag_attach_5":"","ac_use_5_1":false,"ac_clw_5_1":"","ac_clw_adv_5_1":false,"ac_mobile_5_1":false,"acm_use_5_1_1":false,"acm_type_5_1_1":"0","acm_title_5_1_1":"","acm_text_5_1_1":"","acm_imgdim_5_1_1":"","acm_limit_5_1_1":"","acm_llist_5_1_1":"","acm_blog_5_1_1":"","acm_skin_5_1_1":"","acm_use_5_1_2":false,"acm_type_5_1_2":"0","acm_title_5_1_2":"","acm_text_5_1_2":"","acm_imgdim_5_1_2":"","acm_limit_5_1_2":"","acm_llist_5_1_2":"","acm_blog_5_1_2":"","acm_skin_5_1_2":"","ac_use_5_2":false,"ac_clw_5_2":"","ac_clw_adv_5_2":false,"ac_mobile_5_2":false,"acm_use_5_2_1":false,"acm_type_5_2_1":"0","acm_title_5_2_1":"","acm_text_5_2_1":"","acm_imgdim_5_2_1":"","acm_limit_5_2_1":"","acm_llist_5_2_1":"","acm_blog_5_2_1":"","acm_skin_5_2_1":"","acm_use_5_2_2":false,"acm_type_5_2_2":"0","acm_title_5_2_2":"","acm_text_5_2_2":"","acm_imgdim_5_2_2":"","acm_limit_5_2_2":"","acm_llist_5_2_2":"","acm_blog_5_2_2":"","acm_skin_5_2_2":"","ac_use_5_3":false,"ac_clw_5_3":"","ac_clw_adv_5_3":false,"ac_mobile_5_3":false,"acm_use_5_3_1":false,"acm_type_5_3_1":"0","acm_title_5_3_1":"","acm_text_5_3_1":"","acm_imgdim_5_3_1":"","acm_limit_5_3_1":"","acm_llist_5_3_1":"","acm_blog_5_3_1":"","acm_skin_5_3_1":"","acm_use_5_3_2":false,"acm_type_5_3_2":"0","acm_title_5_3_2":"","acm_text_5_3_2":"","acm_imgdim_5_3_2":"","acm_limit_5_3_2":"","acm_llist_5_3_2":"","acm_blog_5_3_2":"","acm_skin_5_3_2":"","ac_use_5_4":false,"ac_clw_5_4":"","ac_clw_adv_5_4":false,"ac_mobile_5_4":false,"acm_use_5_4_1":false,"acm_type_5_4_1":"0","acm_title_5_4_1":"","acm_text_5_4_1":"","acm_imgdim_5_4_1":"","acm_limit_5_4_1":"","acm_llist_5_4_1":"","acm_blog_5_4_1":"","acm_skin_5_4_1":"","acm_use_5_4_2":false,"acm_type_5_4_2":"0","acm_title_5_4_2":"","acm_text_5_4_2":"","acm_imgdim_5_4_2":"","acm_limit_5_4_2":"","acm_llist_5_4_2":"","acm_blog_5_4_2":"","acm_skin_5_4_2":"","ac_use_5_5":false,"ac_clw_5_5":"","ac_clw_adv_5_5":false,"ac_mobile_5_5":false,"acm_use_5_5_1":false,"acm_type_5_5_1":"0","acm_title_5_5_1":"","acm_text_5_5_1":"","acm_imgdim_5_5_1":"","acm_limit_5_5_1":"","acm_llist_5_5_1":"","acm_blog_5_5_1":"","acm_skin_5_5_1":"","acm_use_5_5_2":false,"acm_type_5_5_2":"0","acm_title_5_5_2":"","acm_text_5_5_2":"","acm_imgdim_5_5_2":"","acm_limit_5_5_2":"","acm_llist_5_5_2":"","acm_blog_5_5_2":"","acm_skin_5_5_2":"","ptab_use_1":true,"ptab_pos_1":"preface_fullwidth","ptab_llist_1":"products-tab-1","ptab_imgdim_1":"","ptab_carousel_1":true,"ptab_max_1":"8","ptab_maxcol_1":"1","ptab_limit_1":"4","ptab_order_1":"1","ptab_use_2":true,"ptab_pos_2":"column_left","ptab_llist_2":"products-tab-2","ptab_imgdim_2":"","ptab_carousel_2":true,"ptab_max_2":"4","ptab_maxcol_2":"2","ptab_limit_2":"1","ptab_order_2":"0","ptab_use_3":true,"ptab_pos_3":"content_big_column","ptab_llist_3":"products-tab-3","ptab_imgdim_3":"","ptab_carousel_3":false,"ptab_max_3":"8","ptab_maxcol_3":"2","ptab_limit_3":"4","ptab_order_3":"","ptab_use_4":true,"ptab_pos_4":"content_bottom","ptab_llist_4":"products-tab-4","ptab_imgdim_4":"","ptab_carousel_4":false,"ptab_max_4":"6","ptab_maxcol_4":"1","ptab_limit_4":"6","ptab_order_4":"3","ptab_use_5":false,"ptab_pos_5":"menu","ptab_llist_5":"","ptab_imgdim_5":"","ptab_carousel_5":false,"ptab_max_5":"","ptab_maxcol_5":"","ptab_limit_5":"","ptab_order_5":"","cwidget_use_1":true,"cwidget_pos_1":"slideshow","cwidget_type_1":"0","cwidget_html_1":"<div class=\"row row-no-padding\">\r\n   <div class=\"col-sm-6\">\r\n      <a href=\"#\"><img src=\"https:\/\/cdn.shopify.com\/s\/files\/1\/1378\/1259\/files\/banner-01.png?11202174825927682534\" alt=\"Banner\" style=\"display:block;margin:0px auto\"><\/a>\r\n   <\/div>\r\n\r\n   <div class=\"col-sm-6\">\r\n      <a href=\"#\"><img src=\"https:\/\/cdn.shopify.com\/s\/files\/1\/1378\/1259\/files\/banner-02.png?11202174825927682534\" alt=\"Banner\" style=\"display:block;margin:0px auto\"><\/a>\r\n   <\/div>\r\n<\/div>","cwidget_head_1":"","cwidget_page_1":"about-us","cwidget_order_1":"","cwidget_use_2":true,"cwidget_pos_2":"preface_fullwidth","cwidget_type_2":"0","cwidget_html_2":"<div class=\"row banners hidden-xs\">\r\n <div class=\"col-sm-3\"><a href=\"#\"><img src=\"https:\/\/cdn.shopify.com\/s\/files\/1\/1378\/1259\/files\/banner-03.png?12670623670014728215\" alt=\"Image\"><\/a><\/div>\r\n <div class=\"col-sm-6\"><a href=\"#\"><img src=\"https:\/\/cdn.shopify.com\/s\/files\/1\/1378\/1259\/files\/banner-04.png?12670623670014728215\" alt=\"Image\"><\/a><\/div>\r\n <div class=\"col-sm-3\"><a href=\"#\"><img src=\"https:\/\/cdn.shopify.com\/s\/files\/1\/1378\/1259\/files\/banner-05.png?12670623670014728215\" alt=\"Image\"><\/a><\/div>\r\n <\/div>","cwidget_head_2":"","cwidget_page_2":"","cwidget_order_2":"2","cwidget_use_3":true,"cwidget_pos_3":"preface_fullwidth","cwidget_type_3":"0","cwidget_html_3":"<div class=\"row banners\">\r\n <div class=\"col-sm-6\"><a href=\"#\"><img src=\"https:\/\/cdn.shopify.com\/s\/files\/1\/1378\/1259\/files\/banner-06.png?7586631304406922900\" alt=\"Image\"><\/a><\/div>\r\n <div class=\"col-sm-6\"><a href=\"#\"><img src=\"https:\/\/cdn.shopify.com\/s\/files\/1\/1378\/1259\/files\/banner-07.png?7586631304406922900\" alt=\"Image\"><\/a><\/div>\r\n <\/div>","cwidget_head_3":"","cwidget_page_3":"","cwidget_order_3":"4","cwidget_use_4":true,"cwidget_pos_4":"column_left","cwidget_type_4":"0","cwidget_html_4":"<div class=\"row banners hidden-xs hidden-sm\">\r\n <div class=\"col-sm-12\"><a href=\"#\"><img src=\"https:\/\/cdn.shopify.com\/s\/files\/1\/1378\/1259\/files\/banner-08.png?7586631304406922900\" alt=\"Image\"><\/a><\/div>\r\n <\/div>","cwidget_head_4":"","cwidget_page_4":"","cwidget_order_4":"2","cwidget_use_5":false,"cwidget_pos_5":"menu","cwidget_type_5":"0","cwidget_html_5":"","cwidget_head_5":"","cwidget_page_5":"","cwidget_order_5":"","testi_use":false,"testi_pos":"slideshow","testi_head":"Testimonials","testi_order":"","testi_use_1":false,"testi_type_1":"0","testi_page_1":"","testi_author_1":"","testi_tit_1":"","testi_desc_1":"","testi_use_2":false,"testi_type_2":"0","testi_page_2":"","testi_author_2":"","testi_tit_2":"","testi_desc_2":"","testi_use_3":false,"testi_type_3":"0","testi_page_3":"","testi_author_3":"","testi_tit_3":"","testi_desc_3":"","lblog_use_1":true,"lblog_mobile_3":true,"lblog_pos_1":"content_bottom","lblog_head_1":"From the blog","lblog_blog_1":"news","lblog_limit_1":"4","lblog_order_1":"10","lblog_skin_1":"home","home_instafeed_use":false,"home_instafeed_head":"@FASTOR ON INSTAGRAM","home_instafeed_text":"Kick your resolutions into high gear with our performance wear & tag us @FASTOR on Instagram","home_instafeed_button":"Find me on Instagram","home_instafeed_color":"#000000","home_instafeed_bgcolor":"#ffffff","home_instafeed_limit":"20","home_instafeed_row_limit":"10","footer_custom_layout":"","footer_custom_padding_top":"22","footer_custom_padding_bottom":"18","footer_padding_top":"","footer_padding_bottom":"","footer_padding_left":"","footer_padding_right":"","footer_section_top_layout":"12","footer_section_column_layout":"3-3-3-3","footer_section_bottom_layout":"12","footer_about_hook":"column_1","footer_about_order":"1","footer_about_heading":"","footer_about_logo":true,"footer_about_address":"PO Box 16122 Collins Street<br\/>Victoria 8007 Australia","footer_about_phone":"(+800) 1234 5678 90","footer_about_email":"info@company.com","footer_banner_hook":"","footer_banner_order":"3","footer_banner_layout":"8-4","footer_banner1_link":"#","footer_banner2_link":"#","footer_banner3_link":"","footer_html_hook":"","footer_html_order":"3","footer_html_heading":"","footer_html_custom":"<a href=\"#\" style=\"display: block;margin-top: 50px\" class=\"responsive-margin-top-30\"><img src=\"http:\/\/fastortheme.com\/market\/image\/catalog\/market\/banner-02.png\" alt=\"Banner\"><\/a>","footer_html2_hook":"","footer_html2_order":"","footer_html2_heading":"","footer_html2_custom":"","footer_product_hook":"column_4","footer_product_order":"1","footer_product_heading":"What you want","footer_product_collection":"laptops","footer_product_limit":"2","footer_info1_hook":"top","footer_info1_order":"1","footer_info1_layout":"4-4-4","footer_info1_caption_size":"15","footer_info1_caption_weight":"500","footer_info1_content_size":"13","footer_info1_content_weight":"400","footer_info1_cell1_align":"center","footer_info1_cell1_icon":true,"footer_info1_cell1_caption":"Do you have any question?","footer_info1_cell1_content":"email.example@gmail.com","footer_info1_cell1_inline":false,"footer_info1_cell1_decor":"default","footer_info1_cell1_decor_color":"#b24043","footer_info1_cell2_align":"center","footer_info1_cell2_icon":true,"footer_info1_cell2_caption":"800-140-100","footer_info1_cell2_content":"Mon - Fri: 8:00 - 17:00","footer_info1_cell2_inline":false,"footer_info1_cell2_decor":"default","footer_info1_cell2_decor_color":"#b24043","footer_info1_cell3_align":"center","footer_info1_cell3_button":"Contact form","footer_info1_cell3_link":"#","footer_info2_hook":"bottom","footer_info2_order":"1","footer_info2_layout":"4-4-4","footer_info2_caption_size":"14","footer_info2_caption_weight":"500","footer_info2_content_size":"13","footer_info2_content_weight":"400","footer_info2_cell1_align":"center","footer_info2_cell1_icon":true,"footer_info2_cell1_caption":"Free shipping & Return","footer_info2_cell1_content":"For all orders over $500","footer_info2_cell1_inline":false,"footer_info2_cell1_decor":"default","footer_info2_cell1_decor_color":"#d42f37","footer_info2_cell2_align":"center","footer_info2_cell2_icon":true,"footer_info2_cell2_caption":"Money back guarantee","footer_info2_cell2_content":"100% money back guarante","footer_info2_cell2_inline":false,"footer_info2_cell2_decor":"default","footer_info2_cell2_decor_color":"#d42f37","footer_info2_cell3_align":"center","footer_info2_cell3_icon":true,"footer_info2_cell3_caption":"Support 24\/7","footer_info2_cell3_content":"We answer for question all time","footer_info2_cell3_inline":false,"footer_info2_cell3_decor":"default","footer_info2_cell3_decor_color":"#d42f37","footer_linklist1_hook":"column_2","footer_linklist1_order":"1","footer_linklist1_heading":"Custom block","footer_linklist1":"information","footer_linklist2_hook":"column_3","footer_linklist2_order":"1","footer_linklist2_heading":"Put here","footer_linklist2":"my-account","footer_linklist3_hook":"","footer_linklist3_order":"1","footer_linklist3_heading":"Home","footer_linklist3":"information","footer_linklist4_hook":"","footer_linklist4_order":"2","footer_linklist4_heading":"Sports & Outdoors","footer_linklist4":"my-account","footer_linklist5_hook":"","footer_linklist5_order":"1","footer_linklist5_heading":"Beauty & health","footer_linklist5":"information","footer_linklist6_hook":"","footer_linklist6_order":"2","footer_linklist6_heading":"Automotive","footer_linklist6":"my-account","footer_newsletter_hook":"","footer_newsletter_order":"","footer_newsletter_heading":"Join our newsletter","footer_newsletter_caption":"Register now to get updates on promotions and coupons.","footer_social_hook":"column_1","footer_social_order":"2","footer_social_heading":"","footer_social_size":"24","copyright_align":"center","copyright_custom":"Copyright © 2016, Your Store. All Rights Reserved.","collection_background":"1","collection_product_per_pow2":"4","collection_product_size":"medium","collection_list_grid":"1","collection_limit":"","collection_filtering":true,"collection_filtering_heading":"Product Filter","filtering_1":true,"filtering_heading_1":"Color","filtering_filters_1":"beige,\r\nblack,\r\nblue,\r\ngray,\r\ngreen,\r\npink,\r\nred,\r\nsilver,\r\nyellow","filtering_2":false,"filtering_heading_2":"Size","filtering_filters_2":"30,\r\n35,\r\n40,\r\n45,\r\n50","filtering_3":true,"filtering_heading_3":"Price","filtering_filters_3":"Below $200,\r\n$200 - $300,\r\nAbove $300","filtering_4":true,"filtering_heading_4":"Brand","filtering_filters_4":"Afends,\r\nBrixton,\r\nInsight,\r\nPoler,\r\nObey,\r\nReebok,\r\nUndftd,\r\nVans","filtering_5":false,"filtering_heading_5":"","filtering_filters_5":"","filtering_6":false,"filtering_heading_6":"","filtering_filters_6":"","filtering_7":false,"filtering_heading_7":"","filtering_filters_7":"","filtering_8":false,"filtering_heading_8":"","filtering_filters_8":"","filtering_9":false,"filtering_heading_9":"","filtering_filters_9":"","filtering_10":false,"filtering_heading_10":"","filtering_filters_10":"","sb_collection_placement":"left","sb_collection_mobile":false,"sb_collection_all":true,"sb_collection_all_heading":"Categories","sb_collection_product":false,"sb_collection_product_heading":"","sb_collection_product_collection":"","sb_collection_product_limit":"","sb_collection_linklist":false,"sb_collection_linklist_heading":"","sb_collection_linklist_list":"","sb_collection_html":true,"sb_collection_html_heading":"","sb_collection_html_content":"<a href=\"#\"><img src=\"\/\/cdn.shopify.com\/s\/files\/1\/1378\/1259\/files\/banner-09.png\" alt=\"Image\"><\/a>","product_lazy_loading_image":true,"product_sale_badge":"0","product_new_badge":true,"product_breadcrumb":"0","product_image_zoom":"0","product_image_size":"2","product_position_image_additional":"1","product_img_size":"large","product_swatch_color":true,"product_swatch_size":true,"product_social_share":true,"product_question":true,"product_size_chart":true,"product_size_chart_page":"size-chart","product_img_fx":"2","product_addtocart_show":true,"product_quickview_show":true,"product_wishlist_show":true,"product_countdown_show":true,"product_bottom_html":true,"product_bottom_html_content":"<div class=\"row banners\">\r\n <div class=\"col-sm-6\"><a href=\"#\"><img src=\"\/\/cdn.shopify.com\/s\/files\/1\/1378\/1259\/files\/banner-06.png\" alt=\"Image\"><\/a><\/div>\r\n <div class=\"col-sm-6\"><a href=\"#\"><img src=\"\/\/cdn.shopify.com\/s\/files\/1\/1378\/1259\/files\/banner-07.png\" alt=\"Image\"><\/a><\/div>\r\n <\/div>","product_bottom_related":true,"product_bottom_related_heading":"Related Products","product_bottom_related_limit":"5","product_bottom_viewed":true,"product_bottom_viewed_heading":"Viewed Products","product_bottom_viewed_limit":"5","sb_product_placement":"right","sb_product_mobile":false,"sb_product_html":true,"sb_product_html_heading":"Another block","sb_product_html_content":"<ul>\r\n       <li><img src=\"\/\/cdn.shopify.com\/s\/files\/1\/1378\/1259\/files\/icon-mail2.png\" alt=\"Email\"><p>email.example@gmail.com<\/p><\/li>\r\n       <li><img src=\"\/\/cdn.shopify.com\/s\/files\/1\/1378\/1259\/files\/icon-phone2.png\" alt=\"Phone\"><p>Mon - Fri: 8:00 - 17:00<\/p><\/li>\r\n      <\/ul>\r\n<a href=\"#\" class=\"button button-type-2\">Contact form<\/a>","sb_product_banner":true,"sb_product_banner_link":"#","shopping_cart_ajax":true,"shipping_calculator":"yes","shipping_calculator_default_country":"United States","wishlist_enable":true,"wishlist_page":"wishlist","wishlist_share":true,"sb_account_placement":"right","sb_account_mobile":false,"sb_account_linklist":true,"sb_account_linklist_list":"account-sidebar","sb_account_banner":false,"sb_account_banner_link":"","blog_background":"1","blog_pagination_limit":"7","blog_pagination_type":"1","sb_blog_placement":"right","sb_blog_mobile":false,"sb_blog_linklist":true,"sb_blog_linklist_heading":"Categories","sb_blog_linklist_list":"blog-categories","sb_blog_recent":true,"sb_blog_recent_heading":"Recent Posts","sb_blog_recent_limit":"3","sb_blog_tag":true,"sb_blog_tag_heading":"Popular Tags","sb_blog_html":false,"sb_blog_html_heading":"","sb_blog_html_content":"","contact_map_address":"110-3575 Saint-Laurent Blvd. \r\nMontréal, QC, Canada  H2X 2T7","contact_map_height":"500","contact_logo":true,"contact_address":"PO Box 16122 Collins Street Victoria 8007 Australia","contact_phone":"(+800) 1234 5678 90","contact_email":"info@company.com","contact_social":true,"social_icon_facebook":"#","social_icon_twitter":"#","social_icon_pinterest":"","social_icon_google-plus":"","social_icon_youtube-play":"#","social_icon_vimeo":"","social_icon_flickr":"","social_icon_instagram":"","social_icon_tumblr":"","social_icon_behance":"#","social_icon_github":"#","social_icon_rss":"","social_widget_position":"right","social_facebook":true,"social_facebook_url":"https:\/\/www.facebook.com\/roartheme","social_facebook_hide_cover":false,"social_facebook_show_faces":true,"social_twitter":false,"social_twitter_username":"Shopify","social_twitter_id":"345017021970382850","social_twitter_height":"250","social_instagram":false,"social_instagram_token":"1212301594.c42ae93.648e5fee6a9c45daa86582010964c6e5","social_instagram_username":"roartheme","social_instagram_limit":"12","scroll_top":true,"cookie_enable":true,"cookie_content":"Our website use cookies. If you continue to use this site we will assume that you are happy with this. <br> More about cookies: <a href=\"http:\/\/www.aboutcookies.org\" target=\"_blank\" style=\"color: #d9121f \">www.aboutcookies.org<\/a>","cookie_background":true,"cookie_position":"bottom","limited_offer":true,"limited_offer_heading":"Limited time offer","limited_offer_1":true,"limited_offer_1_product":"apple-cinema-30","limited_offer_1_expire":"12-12-2017","limited_offer_2":false,"limited_offer_2_product":"","limited_offer_2_expire":"","limited_offer_3":false,"limited_offer_3_product":"","limited_offer_3_expire":"","limited_offer_4":false,"limited_offer_4_product":"","limited_offer_4_expire":"","limited_offer_5":false,"limited_offer_5_product":"","limited_offer_5_expire":"","limited_offer_6":false,"limited_offer_6_product":"","limited_offer_6_expire":"","limited_offer_7":false,"limited_offer_7_product":"","limited_offer_7_expire":"","limited_offer_8":false,"limited_offer_8_product":"","limited_offer_8_expire":"","limited_offer_9":false,"limited_offer_9_product":"","limited_offer_9_expire":"","limited_offer_10":false,"limited_offer_10_product":"","limited_offer_10_expire":"","popup_mailchimp_show":true,"popup_mailchimp_sb":true,"popup_mailchimp_width":"750","popup_mailchimp_action":"\/\/roartheme.us3.list-manage.com\/subscribe\/post?u=b0a129d3ef58da6fad5da1f62&amp;id=5903baced9","popup_mailchimp_expire":"0","popup_mailchimp_period":"1","popup_mailchimp_delay":"200","popup_mailchimp_close":"","popup_mailchimp_bg":true,"notify_product":true,"notify_product_collection":"all","notify_product_limit":"10","notify_product_title":"Someone liked it:","notify_product_delay":"10000","notify_product_display":"7000","checkout_header_image":"","checkout_use_storefront_logo":true,"checkout_logo_image":"","checkout_logo_position":"left","checkout_logo_size":"medium","checkout_body_background_image":"","checkout_body_background_color":"#fff","checkout_input_background_color_mode":"white","checkout_sidebar_background_image":"","checkout_sidebar_background_color":"#fafafa","checkout_heading_font":"Helvetica Neue","checkout_body_font":"Helvetica Neue","checkout_accent_color":"#2a9dcc","checkout_button_color":"#2a9dcc","checkout_error_color":"#ff6d6d","checkout_use_header_image":false,"checkout_logo":"logo.png","checkout_use_body_background_image":false,"checkout_use_sidebar_background_image":false,"slide_sticker_fx_1":"","slide_sticker_fx_2":"","slide_sticker_fx_3":"","top_search_input_fborder_c":"","slideshow_background_background":"1","slideshow_background_position":"top left","slideshow_background_repeat":"no-repeat","slideshow_background_attachment":"scroll","slider_navs_color":"#ffffff","header_bg_color":"","header_type3_border_bot1px_color":"","header_type3_border_bot2px_color":"","header_type3_search_border_color":"","header_type3_search_bg_color":"","header_type3_search_icon_color":"","header_type3_search_borderhover_color":"","header_type3_search_bghover_color":"","header_type3_search_iconhover_color":"","header_type12_search_bg_color":"","header_type12_search_bggrad_top_color":"","header_type12_search_bggrad_bot_color":"","header_type12_search_icon_color":"","header_type12_search_select_color":"","header_type12_search_input_color":"","header_type12_search_input_bg_color":"","header_type12_search_input_fbg_color":"","header_type13_search_bg_color":"","header_type13_search_border_color":"","header_type13_search_select_color":"","header_type13_search_input_color":"","header_type13_search_icon_bgcolor":"","header_type13_search_iconhover_bgcolor":"","header_type13_search_icon_color":"","header_type13_search_iconhover_color":"","header_type15_logo_bgcolor":"","header_type15_logo_bggrad_top_color":"","header_type15_logo_bggrad_bot_color":"","topbar_bg_color":"","topbar_bggrad_top_color":"","topbar_bggrad_bot_color":"","topbar_border_bot1px_color":"","topbar_welcome_color":"","topbar_welcome_link_color":"","top_bg_color":"","top_bggrad_top_color":"","top_bggrad_bot_color":"","top_border_bot1px_color":"","top_border_bot2px_color":"","top_border_bot4px_color":"","top_menu_link_color":"","top_menu_linkhover_color":"","top_search_input_bg_color":"","top_search_input_fbg_color":"","top_search_input_border_color":"","top_search_input_fborder_color":"","top_search_input_color":"","top_search_icon_color":"","top_currency_color":"","top_currency_bullet_color":"","top_currency_hover_color":"","top_currency_bullethover_color":"","top_acc_border_color":"","top_acc_bg_color":"","top_acc_bggrad_top_color":"","top_acc_bggrad_bot_color":"","top_acc_icon_color":"","top_acc_borderhover_color":"","top_acc_bghover_color":"","top_acc_bggradhover_top_color":"","top_acc_bggradhover_bot_color":"","top_acc_iconhover_color":"","topbar_background_background":"1","topbar_background_color":"#000000","topbar_background_position":"top left","topbar_background_repeat":"no-repeat","topbar_background_attachment":"scroll","top_background_background":"1","top_background_color":"#ffffff","top_background_position":"top left","top_background_repeat":"no-repeat","top_background_attachment":"scroll","header_background_background":"0","header_background_position":"top left","header_background_repeat":"no-repeat","header_background_attachment":"scroll","menu_background_background":"1","menu_background_position":"top left","menu_background_repeat":"no-repeat","menu_background_attachment":"scroll","mmenu_use_3":false,"mmenu_mobile_3":false,"mmenu_pos_3":"menu","mmenu_order_3":"0","mmenu_label_text_color_3":"#ffffff","mmenu_label_bg_color_3":"#000000","mmenu_new_window_3":true,"mmenu_submenu_appear_3":"0","mmenu_orientation_3":"0","mmenu_searchbar_3":false,"mmenu_navigation_text_3":"","mmenu_fullwidth_3":false,"mmenu_home_icon_3":false,"mmenu_home_text_3":"","mmenu_animation_type_3":"","mmenu_animation_time_3":"200","mi_use_3_1":false,"mi_text_3_1":"","mi_class_3_1":"","mi_icon_3_1":false,"mi_url_3_1":"","mi_mobile_3_1":false,"mi_pos_right_3_1":false,"mi_submenu_w_3_1":"","mi_submenu_bg_pos_3_1":"top_left","mi_submenu_bg_repeat_3_1":"","mi_use_3_2":false,"mi_sub_3_2":false,"mi_text_3_2":"","mi_class_3_2":"","mi_icon_3_2":false,"mi_url_3_2":"","mi_mobile_3_2":false,"mi_pos_right_3_2":false,"mi_submenu_w_3_2":"","mi_submenu_bg_pos_3_2":"top_left","mi_submenu_bg_repeat_3_2":"","mi_ct_w_3_2":"","mi_ct_type_3_2":"0","mi_ct_html_3_2":"","mi_ct_prod_3_2":"","mi_ct_prod_w_3_2":"","mi_ct_prod_h_3_2":"","mi_ct_links_3_2":"","mi_ct_links_col_3_2":"","mi_ct_links_sub_visible_3_2":false,"mi_ct_links_img_pos_3_2":"","mi_ct_links_imgw_3_2":"","mi_ct_links_imgh_3_2":"","mi_ct_links_sub_col_3_2":"","mi_ct_prods_3_2":"","mi_ct_prods_head_3_2":"","mi_ct_prods_inrow_3_2":"","mi_ct_prods_imgw_3_2":"","mi_ct_prods_imgh_3_2":"","mi_use_3_3":false,"mi_sub_3_3":false,"mi_text_3_3":"","mi_class_3_3":"","mi_icon_3_3":false,"mi_url_3_3":"","mi_mobile_3_3":false,"mi_pos_right_3_3":false,"mi_submenu_w_3_3":"","mi_submenu_bg_pos_3_3":"top_left","mi_submenu_bg_repeat_3_3":"","mi_ct_w_3_3":"","mi_ct_type_3_3":"0","mi_ct_html_3_3":"","mi_ct_prod_3_3":"","mi_ct_prod_w_3_3":"","mi_ct_prod_h_3_3":"","mi_ct_links_3_3":"","mi_ct_links_col_3_3":"","mi_ct_links_sub_visible_3_3":false,"mi_ct_links_img_pos_3_3":"","mi_ct_links_imgw_3_3":"","mi_ct_links_imgh_3_3":"","mi_ct_links_sub_col_3_3":"","mi_ct_prods_3_3":"","mi_ct_prods_head_3_3":"","mi_ct_prods_inrow_3_3":"","mi_ct_prods_imgw_3_3":"","mi_ct_prods_imgh_3_3":"","mi_use_3_4":false,"mi_sub_3_4":false,"mi_text_3_4":"","mi_class_3_4":"","mi_icon_3_4":false,"mi_url_3_4":"","mi_mobile_3_4":false,"mi_pos_right_3_4":false,"mi_submenu_w_3_4":"","mi_submenu_bg_pos_3_4":"top_left","mi_submenu_bg_repeat_3_4":"","mi_ct_w_3_4":"","mi_ct_type_3_4":"0","mi_ct_html_3_4":"","mi_ct_prod_3_4":"","mi_ct_prod_w_3_4":"","mi_ct_prod_h_3_4":"","mi_ct_links_3_4":"","mi_ct_links_col_3_4":"","mi_ct_links_sub_visible_3_4":false,"mi_ct_links_img_pos_3_4":"","mi_ct_links_imgw_3_4":"","mi_ct_links_imgh_3_4":"","mi_ct_links_sub_col_3_4":"","mi_ct_prods_3_4":"","mi_ct_prods_head_3_4":"","mi_ct_prods_inrow_3_4":"","mi_ct_prods_imgw_3_4":"","mi_ct_prods_imgh_3_4":"","mi_use_3_5":false,"mi_sub_3_5":false,"mi_text_3_5":"","mi_class_3_5":"","mi_icon_3_5":false,"mi_url_3_5":"","mi_mobile_3_5":false,"mi_pos_right_3_5":false,"mi_submenu_w_3_5":"","mi_submenu_bg_pos_3_5":"top_left","mi_submenu_bg_repeat_3_5":"","mi_ct_w_3_5":"","mi_ct_type_3_5":"0","mi_ct_html_3_5":"","mi_ct_prod_3_5":"","mi_ct_prod_w_3_5":"","mi_ct_prod_h_3_5":"","mi_ct_links_3_5":"","mi_ct_links_col_3_5":"","mi_ct_links_sub_visible_3_5":false,"mi_ct_links_img_pos_3_5":"","mi_ct_links_imgw_3_5":"","mi_ct_links_imgh_3_5":"","mi_ct_links_sub_col_3_5":"","mi_ct_prods_3_5":"","mi_ct_prods_head_3_5":"","mi_ct_prods_inrow_3_5":"","mi_ct_prods_imgw_3_5":"","mi_ct_prods_imgh_3_5":"","mi_use_3_6":false,"mi_sub_3_6":false,"mi_text_3_6":"","mi_class_3_6":"","mi_icon_3_6":false,"mi_url_3_6":"","mi_mobile_3_6":false,"mi_pos_right_3_6":false,"mi_submenu_w_3_6":"","mi_submenu_bg_pos_3_6":"top_left","mi_submenu_bg_repeat_3_6":"","mi_ct_w_3_6":"","mi_ct_type_3_6":"0","mi_ct_html_3_6":"","mi_ct_prod_3_6":"","mi_ct_prod_w_3_6":"","mi_ct_prod_h_3_6":"","mi_ct_links_3_6":"","mi_ct_links_col_3_6":"","mi_ct_links_sub_visible_3_6":false,"mi_ct_links_img_pos_3_6":"","mi_ct_links_imgw_3_6":"","mi_ct_links_imgh_3_6":"","mi_ct_links_sub_col_3_6":"","mi_ct_prods_3_6":"","mi_ct_prods_head_3_6":"","mi_ct_prods_inrow_3_6":"","mi_ct_prods_imgw_3_6":"","mi_ct_prods_imgh_3_6":"","mi_use_3_7":false,"mi_sub_3_7":false,"mi_text_3_7":"","mi_class_3_7":"","mi_icon_3_7":false,"mi_url_3_7":"","mi_mobile_3_7":false,"mi_pos_right_3_7":false,"mi_submenu_w_3_7":"","mi_submenu_bg_pos_3_7":"top_left","mi_submenu_bg_repeat_3_7":"","mi_ct_w_3_7":"","mi_ct_type_3_7":"0","mi_ct_html_3_7":"","mi_ct_prod_3_7":"","mi_ct_prod_w_3_7":"","mi_ct_prod_h_3_7":"","mi_ct_links_3_7":"","mi_ct_links_col_3_7":"","mi_ct_links_sub_visible_3_7":false,"mi_ct_links_img_pos_3_7":"","mi_ct_links_imgw_3_7":"","mi_ct_links_imgh_3_7":"","mi_ct_links_sub_col_3_7":"","mi_ct_prods_3_7":"","mi_ct_prods_head_3_7":"","mi_ct_prods_inrow_3_7":"","mi_ct_prods_imgw_3_7":"","mi_ct_prods_imgh_3_7":"","mi_use_3_8":false,"mi_sub_3_8":false,"mi_text_3_8":"","mi_class_3_8":"","mi_icon_3_8":false,"mi_url_3_8":"","mi_mobile_3_8":false,"mi_pos_right_3_8":false,"mi_submenu_w_3_8":"","mi_submenu_bg_pos_3_8":"top_left","mi_submenu_bg_repeat_3_8":"","mi_ct_w_3_8":"","mi_ct_type_3_8":"0","mi_ct_html_3_8":"","mi_ct_prod_3_8":"","mi_ct_prod_w_3_8":"","mi_ct_prod_h_3_8":"","mi_ct_links_3_8":"","mi_ct_links_col_3_8":"","mi_ct_links_sub_visible_3_8":false,"mi_ct_links_img_pos_3_8":"","mi_ct_links_imgw_3_8":"","mi_ct_links_imgh_3_8":"","mi_ct_links_sub_col_3_8":"","mi_ct_prods_3_8":"","mi_ct_prods_head_3_8":"","mi_ct_prods_inrow_3_8":"","mi_ct_prods_imgw_3_8":"","mi_ct_prods_imgh_3_8":"","mi_use_3_9":false,"mi_sub_3_9":false,"mi_text_3_9":"","mi_class_3_9":"","mi_icon_3_9":false,"mi_url_3_9":"","mi_mobile_3_9":false,"mi_pos_right_3_9":false,"mi_submenu_w_3_9":"","mi_submenu_bg_pos_3_9":"top_left","mi_submenu_bg_repeat_3_9":"","mi_ct_w_3_9":"","mi_ct_type_3_9":"0","mi_ct_html_3_9":"","mi_ct_prod_3_9":"","mi_ct_prod_w_3_9":"","mi_ct_prod_h_3_9":"","mi_ct_links_3_9":"","mi_ct_links_col_3_9":"","mi_ct_links_sub_visible_3_9":false,"mi_ct_links_img_pos_3_9":"","mi_ct_links_imgw_3_9":"","mi_ct_links_imgh_3_9":"","mi_ct_links_sub_col_3_9":"","mi_ct_prods_3_9":"","mi_ct_prods_head_3_9":"","mi_ct_prods_inrow_3_9":"","mi_ct_prods_imgw_3_9":"","mi_ct_prods_imgh_3_9":"","mi_use_3_10":false,"mi_sub_3_10":false,"mi_text_3_10":"","mi_class_3_10":"","mi_icon_3_10":false,"mi_url_3_10":"","mi_mobile_3_10":false,"mi_pos_right_3_10":false,"mi_submenu_w_3_10":"","mi_submenu_bg_pos_3_10":"top_left","mi_submenu_bg_repeat_3_10":"","mi_ct_w_3_10":"","mi_ct_type_3_10":"0","mi_ct_html_3_10":"","mi_ct_prod_3_10":"","mi_ct_prod_w_3_10":"","mi_ct_prod_h_3_10":"","mi_ct_links_3_10":"","mi_ct_links_col_3_10":"","mi_ct_links_sub_visible_3_10":false,"mi_ct_links_img_pos_3_10":"","mi_ct_links_imgw_3_10":"","mi_ct_links_imgh_3_10":"","mi_ct_links_sub_col_3_10":"","mi_ct_prods_3_10":"","mi_ct_prods_head_3_10":"","mi_ct_prods_inrow_3_10":"","mi_ct_prods_imgw_3_10":"","mi_ct_prods_imgh_3_10":"","header_font":"1","header_font_1":"Poppins","header_font_0":"Helvetica, Arial, sans-serif","general_font_1":"Poppins","general_font_0":"Helvetica, Arial, sans-serif","header_background_color":"","menu_background_color":"","menu_vert_bgcolor":"#333333","slideshow_background_color":"#c51f3a","header_border_bottom":true,"header_vert_nav_color":"","header_vert_nav_bgcolor":"","pos_header_notice_use":true,"pos_customfooter_top_use":true,"pos_customfooter_bottom_use":true,"pos_footer_top_use":true,"pos_footer_left_use":true,"pos_footer_right_use":true,"pos_footer_bottom_use":true,"pos_bottom_use":true,"mmenu_content_linklist_1":"","mmenu_content_linklist_2":"","mmenu_content_linklist_3":"","mmenu_content_type_1":"1","mmenu_content_type_2":"0","mmenu_content_type_3":"0","lblog_imgdim_1":"300 150","logo_image":"logo.png","logo_image_width":"130","logo_image_sticky":true,"logo2x_image_enable":true,"retina_logo_width":"180","retina_logo_height":"50","logo_margin_left":"0","logo_margin_right":"0","logo_margin_top":"0","logo_margin_bottom":"0","logo_text":"Martify","logo_colour":"#333333","logo_hover_colour":"#e62e04","logo_font_size":"30","logo_font_style":"300","mmenu_position_1":"menu","mmenu_position_2":"menu2","mmenu_position_3":"menu","sliding_bar_show":false,"sliding_color":"#909598","sliding_bg":"#1F2527","sliding_img_show":true,"sliding_img_heading":"Brand of the week","sliding_img_link":"\/collections\/all","sliding_list_show":true,"sliding_list_heading":"Information","sliding_link_list":"footer","sliding_text_show":true,"sliding_text_heading":"Contact Info","sliding_text_desc":"<p class=\"address\">Your Company LTD Street nr XYZ<\/p>\r\n<p class=\"phone\">Phone: 1-800-555-5555<\/p>\r\n<p class=\"mobile\">Mobile: 1-234-567-8910<\/p>\r\n<p class=\"fax\">Fax: 1-234-879-5641<\/p>\r\n<p class=\"email\">Email: <a href=\"mailto:info@yourwebsite.com\">info@yourwebsite.com<\/a><\/p>\r\n<p class=\"web\">Web: <a href=\"http:\/\/yourwebsite.com\">http:\/\/yourwebsite.com<\/a><\/p>","sliding_social_icons_show":true,"sliding_social_icons_heading":"Stay Social","sliding_feedback":true,"sliding_feedback_heading":"Get in touch","sliding_feedback_waiting":"Waiting...","sliding_feedback_thankyou":"Thanks for contacting us. We'll get back to you as soon as possible.","sliding_feedback_error":"Error","topbanner_show":false,"topbanner_bg":"#6C82F9","topbanner_height":"80","topbanner_linkto":"\/collections\/all","topbar_show":false,"topbar_bg":"#f8f8f8","topbar_color":"#999999","topbar_color_hover":"#e62e04","topbar_border":"#e9e9e9","topbar_size":"12","topbar_height":"36","topbar_message":true,"topbar_message_content":"FAST & FREE SHIPPING ON ALL ORDERS - CALL US : 0123456789","topbar_customer":true,"topbar_wishlist":true,"topbar_menu":true,"topbar_menu_linklist":"","topbar_social":true,"topbar_social_facebook":true,"topbar_social_twitter":true,"topbar_social_pinterest":false,"topbar_social_google":false,"topbar_social_youtube":false,"topbar_social_vimeo":false,"topbar_social_flickr":false,"topbar_social_instagram":true,"topbar_social_tumblr":false,"topbar_social_rss":false,"header_font_size":"12","header_bg":"#ffffff","header_color":"#333333","header_sticky":true,"header_cart":true,"header_search":true,"nav_linklist":"main-menu","nav_font_size":"14","nav_font_style":"400","nav_link_colour":"#050505","nav_link_hover":"#e62e04","dropdown_item_size":"12","dropdown_item_colour":"#767676","dropdown_colour_hover":"#000000","mega_menu_enable":true,"mega_menu1_trigger":"","mega_menu1_style":"style_1","mega_menu1_trigger_title":"Shop the Material","mega_menu1_height":"360","mega_menu1_width":"","mega_menu1_1":"","mega_menu1_title_1":"Bags","mega_menu1_link_1":"\/collections\/bags","mega_menu1_img_1":true,"mega_menu1_embed_1":"","mega_menu1_2":"","mega_menu1_title_2":"Jeans","mega_menu1_link_2":"\/collections\/jeans","mega_menu1_img_2":true,"mega_menu1_embed_2":"","mega_menu1_3":"","mega_menu1_title_3":"Shoes","mega_menu1_link_3":"\/collections\/shoes","mega_menu1_img_3":true,"mega_menu1_embed_3":"<iframe src=\"https:\/\/player.vimeo.com\/video\/25305883\" width=\"500\" height=\"281\" frameborder=\"0\" webkitallowfullscreen mozallowfullscreen allowfullscreen><\/iframe>","mega_menu1_4":"","mega_menu1_title_4":"Sale","mega_menu1_link_4":"\/collections\/sale","mega_menu1_img_4":true,"mega_menu1_embed_4":"","mega_menu1_5":"","mega_menu1_title_5":"Men","mega_menu1_link_5":"\/collections\/men","mega_menu1_img_5":true,"mega_menu1_embed_5":"","mega_menu1_6":"","mega_menu1_title_6":"Women","mega_menu1_link_6":"\/collections\/women","mega_menu1_img_6":true,"mega_menu1_embed_6":"<iframe width=\"560\" height=\"315\" src=\"https:\/\/www.youtube.com\/embed\/e2g4dElYbrU\" frameborder=\"0\" allowfullscreen><\/iframe>","mega_menu1_7":"","mega_menu1_title_7":"","mega_menu1_link_7":"#","mega_menu1_img_7":false,"mega_menu1_embed_7":"","mega_menu1_8":"","mega_menu1_title_8":"","mega_menu1_link_8":"#","mega_menu1_img_8":false,"mega_menu1_embed_8":"","mega_menu1_9":"","mega_menu1_title_9":"","mega_menu1_link_9":"#","mega_menu1_img_9":false,"mega_menu1_embed_9":"","mega_menu1_10":"","mega_menu1_title_10":"","mega_menu1_link_10":"#","mega_menu1_img_10":false,"mega_menu1_embed_10":"","mega_menu2_trigger":"shop","mega_menu2_style":"style_2","mega_menu2_trigger_title":"","mega_menu2_height":"","mega_menu2_width":"","mega_menu2_1":"","mega_menu2_title_1":"JEWELRY & WATCHES","mega_menu2_link_1":"\/collections\/accessories","mega_menu2_img_1":true,"mega_menu2_embed_1":"","mega_menu2_2":"","mega_menu2_title_2":"ELECTRONICS","mega_menu2_link_2":"\/collections\/bags","mega_menu2_img_2":true,"mega_menu2_embed_2":"","mega_menu2_3":"","mega_menu2_title_3":"NETWORKING","mega_menu2_link_3":"\/collections\/clothing","mega_menu2_img_3":true,"mega_menu2_embed_3":"","mega_menu2_4":"","mega_menu2_title_4":"PHONES & ACCESSORIES","mega_menu2_link_4":"\/collections\/lingeries","mega_menu2_img_4":true,"mega_menu2_embed_4":"","mega_menu2_5":"","mega_menu2_title_5":"Watches","mega_menu2_link_5":"\/collections\/shoes","mega_menu2_img_5":true,"mega_menu2_embed_5":"","mega_menu2_6":"","mega_menu2_title_6":"","mega_menu2_link_6":"#","mega_menu2_img_6":false,"mega_menu2_embed_6":"","mega_menu2_7":"","mega_menu2_title_7":"","mega_menu2_link_7":"#","mega_menu2_img_7":false,"mega_menu2_embed_7":"","mega_menu2_8":"","mega_menu2_title_8":"","mega_menu2_link_8":"#","mega_menu2_img_8":false,"mega_menu2_embed_8":"","mega_menu2_9":"","mega_menu2_title_9":"","mega_menu2_link_9":"#","mega_menu2_img_9":false,"mega_menu2_embed_9":"","mega_menu2_10":"","mega_menu2_title_10":"","mega_menu2_link_10":"#","mega_menu2_img_10":false,"mega_menu2_embed_10":"","mega_menu3_trigger":"","mega_menu3_style":"style_3","mega_menu3_trigger_title":"Shop the collection","mega_menu3_height":"","mega_menu3_width":"","mega_menu3_1":"","mega_menu3_title_1":"Bags","mega_menu3_link_1":"\/collections\/bags","mega_menu3_img_1":false,"mega_menu3_embed_1":"","mega_menu3_2":"","mega_menu3_title_2":"Jeans","mega_menu3_link_2":"\/collections\/jeans","mega_menu3_img_2":false,"mega_menu3_embed_2":"","mega_menu3_3":"","mega_menu3_title_3":"Men","mega_menu3_link_3":"\/collections\/men","mega_menu3_img_3":false,"mega_menu3_embed_3":"","mega_menu3_4":"","mega_menu3_title_4":"Shoes","mega_menu3_link_4":"\/collections\/shoes","mega_menu3_img_4":false,"mega_menu3_embed_4":"","mega_menu3_5":"","mega_menu3_title_5":"Women","mega_menu3_link_5":"\/collections\/women","mega_menu3_img_5":false,"mega_menu3_embed_5":"","mega_menu3_6":"","mega_menu3_title_6":"Sale","mega_menu3_link_6":"\/collections\/women","mega_menu3_img_6":false,"mega_menu3_embed_6":"","mega_menu3_7":"","mega_menu3_title_7":"","mega_menu3_link_7":"#","mega_menu3_img_7":false,"mega_menu3_embed_7":"","mega_menu3_8":"","mega_menu3_title_8":"","mega_menu3_link_8":"#","mega_menu3_img_8":false,"mega_menu3_embed_8":"","mega_menu3_9":"","mega_menu3_title_9":"","mega_menu3_link_9":"#","mega_menu3_img_9":false,"mega_menu3_embed_9":"","mega_menu3_10":"","mega_menu3_title_10":"","mega_menu3_link_10":"#","mega_menu3_img_10":false,"mega_menu3_embed_10":"","mega_menu4_trigger":"lookbook","mega_menu4_style":"style_4","mega_menu4_trigger_title":"","mega_menu4_height":"","mega_menu4_width":"","mega_menu4_1":"","mega_menu4_title_1":"WEDDING & EVENTS","mega_menu4_link_1":"\/collections\/accessories","mega_menu4_img_1":true,"mega_menu4_embed_1":"","mega_menu4_2":"","mega_menu4_title_2":"BEAUTY & HEALTH","mega_menu4_link_2":"\/collections\/bags","mega_menu4_img_2":true,"mega_menu4_embed_2":"","mega_menu4_3":"","mega_menu4_title_3":"SPORTS & OUTDOORS","mega_menu4_link_3":"\/collections\/clothing","mega_menu4_img_3":true,"mega_menu4_embed_3":"","mega_menu4_4":"","mega_menu4_title_4":"KIDS & MOTHER","mega_menu4_link_4":"\/collections\/lingeries","mega_menu4_img_4":true,"mega_menu4_embed_4":"","mega_menu4_5":"","mega_menu4_title_5":"BAGS & SHOES","mega_menu4_link_5":"\/collections\/shoes","mega_menu4_img_5":true,"mega_menu4_embed_5":"","mega_menu4_6":"","mega_menu4_title_6":"HOME & GARDEN","mega_menu4_link_6":"\/collections\/sale","mega_menu4_img_6":true,"mega_menu4_embed_6":"","mega_menu4_7":"","mega_menu4_title_7":"","mega_menu4_link_7":"#","mega_menu4_img_7":false,"mega_menu4_embed_7":"","mega_menu4_8":"","mega_menu4_title_8":"","mega_menu4_link_8":"#","mega_menu4_img_8":false,"mega_menu4_embed_8":"","mega_menu4_9":"","mega_menu4_title_9":"","mega_menu4_link_9":"#","mega_menu4_img_9":false,"mega_menu4_embed_9":"","mega_menu4_10":"","mega_menu4_title_10":"","mega_menu4_link_10":"#","mega_menu4_img_10":false,"mega_menu4_embed_10":"","mega_menu5_trigger":"pages","mega_menu5_style":"style_5","mega_menu5_trigger_title":"","mega_menu5_height":"307","mega_menu5_width":"453","mega_menu5_1":"","mega_menu5_title_1":"Special Pages","mega_menu5_link_1":"#","mega_menu5_img_1":false,"mega_menu5_embed_1":"","mega_menu5_2":"","mega_menu5_title_2":"Basic Pages","mega_menu5_link_2":"#","mega_menu5_img_2":true,"mega_menu5_embed_2":"","mega_menu5_3":"","mega_menu5_title_3":"","mega_menu5_link_3":"","mega_menu5_img_3":false,"mega_menu5_embed_3":"","mega_menu5_4":"","mega_menu5_title_4":"","mega_menu5_link_4":"","mega_menu5_img_4":false,"mega_menu5_embed_4":"","mega_menu5_5":"","mega_menu5_title_5":"","mega_menu5_link_5":"#","mega_menu5_img_5":false,"mega_menu5_embed_5":"","mega_menu5_6":"","mega_menu5_title_6":"","mega_menu5_link_6":"#","mega_menu5_img_6":false,"mega_menu5_embed_6":"","mega_menu5_7":"","mega_menu5_title_7":"","mega_menu5_link_7":"#","mega_menu5_img_7":false,"mega_menu5_embed_7":"","mega_menu5_8":"","mega_menu5_title_8":"","mega_menu5_link_8":"#","mega_menu5_img_8":false,"mega_menu5_embed_8":"","mega_menu5_9":"","mega_menu5_title_9":"","mega_menu5_link_9":"#","mega_menu5_img_9":false,"mega_menu5_embed_9":"","mega_menu5_10":"","mega_menu5_title_10":"","mega_menu5_link_10":"#","mega_menu5_img_10":false,"mega_menu5_embed_10":"","vertical_menu_use":"custom","vertical_menu1_name":"Accessories","vertical_menu1_link":"\/collections\/all","vertical_menu1_sub":true,"vertical_menu1_width":"700","vertical_menu1_height":"392","vertical_menu1_bg":true,"vertical_menu1_linklist1":"","vertical_menu1_linklist2":"","vertical_menu1_linklist3":"","vertical_menu1_linklist4":"","vertical_menu1_linklist5":"","vertical_menu1_linklist6":"","vertical_menu1_linklist7":"","vertical_menu1_linklist8":"","vertical_menu2_name":"Bags","vertical_menu2_link":"\/collections\/all","vertical_menu2_sub":true,"vertical_menu2_width":"700","vertical_menu2_height":"392","vertical_menu2_bg":true,"vertical_menu2_linklist1":"","vertical_menu2_linklist2":"","vertical_menu2_linklist3":"","vertical_menu2_linklist4":"","vertical_menu2_linklist5":"","vertical_menu2_linklist6":"","vertical_menu2_linklist7":"","vertical_menu2_linklist8":"","vertical_menu3_name":"Electronics","vertical_menu3_link":"\/collections\/all","vertical_menu3_sub":true,"vertical_menu3_width":"700","vertical_menu3_height":"392","vertical_menu3_bg":true,"vertical_menu3_linklist1":"","vertical_menu3_linklist2":"","vertical_menu3_linklist3":"","vertical_menu3_linklist4":"","vertical_menu3_linklist5":"","vertical_menu3_linklist6":"","vertical_menu3_linklist7":"","vertical_menu3_linklist8":"","vertical_menu4_name":"Clothes","vertical_menu4_link":"\/collections\/all","vertical_menu4_sub":false,"vertical_menu4_width":"","vertical_menu4_height":"","vertical_menu4_bg":false,"vertical_menu4_linklist1":"","vertical_menu4_linklist2":"","vertical_menu4_linklist3":"","vertical_menu4_linklist4":"","vertical_menu4_linklist5":"","vertical_menu4_linklist6":"","vertical_menu4_linklist7":"","vertical_menu4_linklist8":"","vertical_menu5_name":"Interior Design","vertical_menu5_link":"\/collections\/all","vertical_menu5_sub":true,"vertical_menu5_width":"700","vertical_menu5_height":"392","vertical_menu5_bg":true,"vertical_menu5_linklist1":"","vertical_menu5_linklist2":"","vertical_menu5_linklist3":"","vertical_menu5_linklist4":"","vertical_menu5_linklist5":"","vertical_menu5_linklist6":"","vertical_menu5_linklist7":"","vertical_menu5_linklist8":"","vertical_menu6_name":"Sofa","vertical_menu6_link":"\/collections\/all","vertical_menu6_sub":true,"vertical_menu6_width":"700","vertical_menu6_height":"392","vertical_menu6_bg":true,"vertical_menu6_linklist1":"","vertical_menu6_linklist2":"","vertical_menu6_linklist3":"","vertical_menu6_linklist4":"","vertical_menu6_linklist5":"","vertical_menu6_linklist6":"","vertical_menu6_linklist7":"","vertical_menu6_linklist8":"","vertical_menu7_name":"Lamps","vertical_menu7_link":"\/collections\/all","vertical_menu7_sub":true,"vertical_menu7_width":"700","vertical_menu7_height":"392","vertical_menu7_bg":true,"vertical_menu7_linklist1":"","vertical_menu7_linklist2":"","vertical_menu7_linklist3":"","vertical_menu7_linklist4":"","vertical_menu7_linklist5":"","vertical_menu7_linklist6":"","vertical_menu7_linklist7":"","vertical_menu7_linklist8":"","vertical_menu8_name":"SPECIAL CHRISTMAS","vertical_menu8_link":"\/collections\/all","vertical_menu8_sub":false,"vertical_menu8_width":"","vertical_menu8_height":"","vertical_menu8_bg":false,"vertical_menu8_linklist1":"","vertical_menu8_linklist2":"","vertical_menu8_linklist3":"","vertical_menu8_linklist4":"","vertical_menu8_linklist5":"","vertical_menu8_linklist6":"","vertical_menu8_linklist7":"","vertical_menu8_linklist8":"","vertical_menu9_name":"Featured Products","vertical_menu9_link":"\/collections\/all","vertical_menu9_sub":false,"vertical_menu9_width":"","vertical_menu9_height":"","vertical_menu9_bg":false,"vertical_menu9_linklist1":"","vertical_menu9_linklist2":"","vertical_menu9_linklist3":"","vertical_menu9_linklist4":"","vertical_menu9_linklist5":"","vertical_menu9_linklist6":"","vertical_menu9_linklist7":"","vertical_menu9_linklist8":"","vertical_menu10_name":"","vertical_menu10_link":"","vertical_menu10_sub":false,"vertical_menu10_width":"","vertical_menu10_height":"","vertical_menu10_bg":false,"vertical_menu10_linklist1":"","vertical_menu10_linklist2":"","vertical_menu10_linklist3":"","vertical_menu10_linklist4":"","vertical_menu10_linklist5":"","vertical_menu10_linklist6":"","vertical_menu10_linklist7":"","vertical_menu10_linklist8":"","slideshow_show":false,"slideshow_scale":false,"slideshow_auto":false,"slideshow_height":"400","slideshow_interval":"7000","slideshow_navs_colour":"#ffffff","slideshow_placement":"within-container","slideshow_mask":true,"slideshow_mask_colour":"#000000","slideshow_mask_opacity":"0.15","slide_active_1":true,"slide_video_1":"","slide_call_to_action_1":"Shop Now","slide_link_1":"\/collections\/all","slide_exchange_1":true,"slide_heading_1":"MEN & WOMEN'S CLOTHING","slide_heading_size_1":"36","slide_heading_color_1":"#fead34","slide_caption_1":"Discover the latest trends of the season","slide_caption_size_1":"18","slide_caption_color_1":"#333333","slide_position_1":false,"slide_top2_1":"top","slide_top_1":"150","slide_left2_1":"right","slide_left_1":"150","slide_badge_1":false,"slide_active_2":true,"slide_video_2":"","slide_call_to_action_2":"Shop Now","slide_link_2":"\/collections\/all","slide_exchange_2":false,"slide_heading_2":"DESIGN YOUR OWN CLOTHES!","slide_heading_size_2":"40","slide_heading_color_2":"#ffffff","slide_caption_2":"The best new designs!","slide_caption_size_2":"25","slide_caption_color_2":"#ffffff","slide_position_2":true,"slide_top2_2":"bottom","slide_top_2":"50","slide_left2_2":"left","slide_left_2":"50","slide_badge_2":false,"slide_active_3":false,"slide_video_3":"https:\/\/cdn.shopify.com\/s\/files\/1\/0761\/2743\/files\/55503382.mp4.mp4?8239542706748724754","slide_call_to_action_3":"Click here","slide_link_3":"\/collections\/all","slide_exchange_3":false,"slide_heading_3":"GEAR TO GET YOU MOVING","slide_heading_size_3":"40","slide_heading_color_3":"#ffffff","slide_caption_3":"Shop whats new here","slide_caption_size_3":"25","slide_caption_color_3":"#ffffff","slide_position_3":true,"slide_top2_3":"top","slide_top_3":"150","slide_left2_3":"right","slide_left_3":"150","slide_badge_3":false,"slide_active_4":false,"slide_video_4":"","slide_call_to_action_4":"","slide_link_4":"","slide_exchange_4":false,"slide_heading_4":"Capabilities of everything","slide_heading_size_4":"","slide_heading_color_4":"#ffffff","slide_caption_4":"Do more with many amazing features","slide_caption_size_4":"","slide_caption_color_4":"#ffffff","slide_position_4":false,"slide_top2_4":"top","slide_top_4":"","slide_left2_4":"left","slide_left_4":"","slide_width_4":"","slide_align_4":"left","slide_badge_4":false,"slide_active_5":false,"slide_video_5":"","slide_call_to_action_5":"","slide_link_5":"","slide_exchange_5":false,"slide_heading_5":"","slide_heading_size_5":"","slide_heading_color_5":"#ffffff","slide_caption_5":"","slide_caption_size_5":"","slide_caption_color_5":"#ffffff","slide_position_5":false,"slide_top2_5":"top","slide_top_5":"","slide_left2_5":"left","slide_left_5":"","slide_width_5":"","slide_align_5":"left","slide_badge_5":false,"related_products_show":true,"related_products_heading":"ALSO LOVE","related_products_number":"8","viewed_enable":true,"viewed_heading":"JUST SEEN","viewed_number_of":"8","advanced_megamenu":"","content_for_index":[]}}